country,country_code,project,page_id,page_title,item_id,gbc,date
Malaysia,MY,en.wikipedia,75697706,A_Shop_for_Killers,Q123999260,160,2026-09-01
Singapore,SG,en.wikipedia,79560156,Teach_You_a_Lesson,Q137844128,129,2026-09-01
Germany,DE,de.wikipedia,13931524,"Four_Hands,_Two_Sonatas",Q137271520,236,2026-09-01
Indonesia,ID,id.wikipedia,4750411,A_Bona_Fide_Killer,Q139411314,247,2026-09-01
United States,US,en.wikipedia,79560156,Teach_You_a_Lesson,Q137844128,577,2026-09-01
India,IN,en.wikipedia,82034667,"Four_Hands,_Two_Sonatas",Q137271520,1082,2026-09-01
Australia,AU,en.wikipedia,79560156,Teach_You_a_Lesson,Q137844128,106,2026-09-01
Malaysia,MY,en.wikipedia,82034667,"Four_Hands,_Two_Sonatas",Q137271520,427,2026-09-01
India,IN,en.wikipedia,78258360,The_Wonderfools,Q130748503,206,2026-09-01
United Kingdom,GB,en.wikipedia,79560156,Teach_You_a_Lesson,Q137844128,113,2026-09-01
India,IN,en.wikipedia,79560156,Teach_You_a_Lesson,Q137844128,360,2026-09-01
United Kingdom,GB,en.wikipedia,82034667,"Four_Hands,_Two_Sonatas",Q137271520,333,2026-09-01
Malaysia,MY,en.wikipedia,81854574,The_Legend_of_Kitchen_Soldier,Q137410939,92,2026-09-01
Philippines,PH,en.wikipedia,82003107,Agent_Kim_Reactivated,Q139553270,211,2026-09-01
France,FR,fr.wikipedia,17588331,"Four_Hands,_Two_Sonatas",,186,2026-09-01
Australia,AU,en.wikipedia,82003107,Agent_Kim_Reactivated,Q139553270,117,2026-09-01
Philippines,PH,en.wikipedia,82034667,"Four_Hands,_Two_Sonatas",Q137271520,625,2026-09-01
Indonesia,ID,en.wikipedia,79560156,Teach_You_a_Lesson,Q137844128,154,2026-09-01
Philippines,PH,en.wikipedia,83488921,A_Bona_Fide_Killer,Q139411314,437,2026-09-01
Philippines,PH,en.wikipedia,79560156,Teach_You_a_Lesson,Q137844128,167,2026-09-01
Indonesia,ID,id.wikipedia,4694064,"Four_Hands,_Two_Sonatas",Q137271520,547,2026-09-01
Singapore,SG,en.wikipedia,82003107,Agent_Kim_Reactivated,Q139553270,201,2026-09-01
Malaysia,MY,en.wikipedia,82003107,Agent_Kim_Reactivated,Q139553270,195,2026-09-01
Germany,DE,en.wikipedia,82003107,Agent_Kim_Reactivated,Q139553270,106,2026-09-01
United States,US,en.wikipedia,82003107,Agent_Kim_Reactivated,Q139553270,606,2026-09-01
Italy,IT,en.wikipedia,82034667,"Four_Hands,_Two_Sonatas",Q137271520,237,2026-09-01
Canada,CA,en.wikipedia,79560156,Teach_You_a_Lesson,Q137844128,127,2026-09-01
United Kingdom,GB,en.wikipedia,82003107,Agent_Kim_Reactivated,Q139553270,114,2026-09-01
France,FR,en.wikipedia,79560156,Teach_You_a_Lesson,Q137844128,96,2026-09-01
France,FR,fr.wikipedia,17514844,Agent_Kim_Reactivated,Q139553270,175,2026-09-01
Canada,CA,en.wikipedia,82003107,Agent_Kim_Reactivated,Q139553270,106,2026-09-01
Indonesia,ID,en.wikipedia,82003107,Agent_Kim_Reactivated,Q139553270,113,2026-09-01
Indonesia,ID,id.wikipedia,4680537,Teach_You_a_Lesson,Q137844128,143,2026-09-01
Indonesia,ID,en.wikipedia,83488921,A_Bona_Fide_Killer,Q139411314,115,2026-09-01
Indonesia,ID,id.wikipedia,4737177,Agent_Kim_Reactivated,Q139553270,210,2026-09-01
United States,US,en.wikipedia,78258360,The_Wonderfools,Q130748503,250,2026-09-01
Nigeria,NG,en.wikipedia,82034667,"Four_Hands,_Two_Sonatas",Q137271520,93,2026-09-01
Germany,DE,en.wikipedia,82034667,"Four_Hands,_Two_Sonatas",Q137271520,120,2026-09-01
United States,US,en.wikipedia,75697706,A_Shop_for_Killers,Q123999260,287,2026-09-01
Philippines,PH,en.wikipedia,75697706,A_Shop_for_Killers,Q123999260,166,2026-09-01
Germany,DE,en.wikipedia,79560156,Teach_You_a_Lesson,Q137844128,116,2026-09-01
United States,US,en.wikipedia,82034667,"Four_Hands,_Two_Sonatas",Q137271520,1144,2026-09-01
India,IN,en.wikipedia,83488921,A_Bona_Fide_Killer,Q139411314,222,2026-09-01
United States,US,en.wikipedia,82159028,We_Are_All_Trying_Here,Q137843064,157,2026-09-01
India,IN,en.wikipedia,75697706,A_Shop_for_Killers,Q123999260,239,2026-09-01
Brazil,BR,en.wikipedia,82034667,"Four_Hands,_Two_Sonatas",Q137271520,143,2026-09-01
Indonesia,ID,en.wikipedia,82034667,"Four_Hands,_Two_Sonatas",Q137271520,221,2026-09-01
Malaysia,MY,en.wikipedia,79560156,Teach_You_a_Lesson,Q137844128,184,2026-09-01
Singapore,SG,en.wikipedia,75697706,A_Shop_for_Killers,Q123999260,122,2026-09-01
Malaysia,MY,en.wikipedia,83488921,A_Bona_Fide_Killer,Q139411314,207,2026-09-01
United States,US,en.wikipedia,73002553,Bloodhounds_(TV_series),Q109767798,179,2026-09-01
India,IN,en.wikipedia,82159028,We_Are_All_Trying_Here,Q137843064,103,2026-09-01
Japan,JP,en.wikipedia,75697706,A_Shop_for_Killers,Q123999260,117,2026-09-01
Singapore,SG,en.wikipedia,83488921,A_Bona_Fide_Killer,Q139411314,165,2026-09-01
Japan,JP,en.wikipedia,82003107,Agent_Kim_Reactivated,Q139553270,209,2026-09-01
United States,US,en.wikipedia,83488921,A_Bona_Fide_Killer,Q139411314,471,2026-09-01
Germany,DE,de.wikipedia,13892974,Agent_Kim_Reactivated,Q139553270,132,2026-09-01
India,IN,en.wikipedia,81854574,The_Legend_of_Kitchen_Soldier,Q137410939,234,2026-09-01
Japan,JP,en.wikipedia,82034667,"Four_Hands,_Two_Sonatas",Q137271520,150,2026-09-01
India,IN,en.wikipedia,73002553,Bloodhounds_(TV_series),Q109767798,101,2026-09-01
Australia,AU,en.wikipedia,82034667,"Four_Hands,_Two_Sonatas",Q137271520,203,2026-09-01
India,IN,en.wikipedia,82003107,Agent_Kim_Reactivated,Q139553270,210,2026-09-01
Canada,CA,en.wikipedia,82034667,"Four_Hands,_Two_Sonatas",Q137271520,279,2026-09-01
Malaysia,MY,en.wikipedia,75697706,A_Shop_for_Killers,Q123999260,105,2026-09-02
Singapore,SG,en.wikipedia,79560156,Teach_You_a_Lesson,Q137844128,104,2026-09-02
Germany,DE,de.wikipedia,13931524,"Four_Hands,_Two_Sonatas",Q137271520,144,2026-09-02
Indonesia,ID,id.wikipedia,4750411,A_Bona_Fide_Killer,Q139411314,276,2026-09-02
United States,US,en.wikipedia,79560156,Teach_You_a_Lesson,Q137844128,485,2026-09-02
India,IN,en.wikipedia,82034667,"Four_Hands,_Two_Sonatas",Q137271520,649,2026-09-02
Nigeria,NG,en.wikipedia,83488921,A_Bona_Fide_Killer,Q139411314,110,2026-09-02
Australia,AU,en.wikipedia,79560156,Teach_You_a_Lesson,Q137844128,90,2026-09-02
Malaysia,MY,en.wikipedia,82034667,"Four_Hands,_Two_Sonatas",Q137271520,301,2026-09-02
India,IN,en.wikipedia,78258360,The_Wonderfools,Q130748503,155,2026-09-02
United Kingdom,GB,en.wikipedia,79560156,Teach_You_a_Lesson,Q137844128,93,2026-09-02
India,IN,en.wikipedia,79560156,Teach_You_a_Lesson,Q137844128,405,2026-09-02
United Kingdom,GB,en.wikipedia,82034667,"Four_Hands,_Two_Sonatas",Q137271520,159,2026-09-02
Philippines,PH,en.wikipedia,82003107,Agent_Kim_Reactivated,Q139553270,176,2026-09-02
France,FR,fr.wikipedia,17588331,"Four_Hands,_Two_Sonatas",,152,2026-09-02
Australia,AU,en.wikipedia,82003107,Agent_Kim_Reactivated,Q139553270,120,2026-09-02
Philippines,PH,en.wikipedia,82034667,"Four_Hands,_Two_Sonatas",Q137271520,429,2026-09-02
Indonesia,ID,en.wikipedia,79560156,Teach_You_a_Lesson,Q137844128,103,2026-09-02
Philippines,PH,en.wikipedia,83488921,A_Bona_Fide_Killer,Q139411314,381,2026-09-02
Philippines,PH,en.wikipedia,79560156,Teach_You_a_Lesson,Q137844128,160,2026-09-02
Indonesia,ID,id.wikipedia,4694064,"Four_Hands,_Two_Sonatas",Q137271520,456,2026-09-02
Singapore,SG,en.wikipedia,82003107,Agent_Kim_Reactivated,Q139553270,178,2026-09-02
Malaysia,MY,en.wikipedia,82003107,Agent_Kim_Reactivated,Q139553270,153,2026-09-02
United States,US,en.wikipedia,82003107,Agent_Kim_Reactivated,Q139553270,547,2026-09-02
Italy,IT,en.wikipedia,82034667,"Four_Hands,_Two_Sonatas",Q137271520,138,2026-09-02
Canada,CA,en.wikipedia,79560156,Teach_You_a_Lesson,Q137844128,112,2026-09-02
France,FR,fr.wikipedia,17514844,Agent_Kim_Reactivated,Q139553270,135,2026-09-02
Canada,CA,en.wikipedia,82003107,Agent_Kim_Reactivated,Q139553270,111,2026-09-02
Indonesia,ID,en.wikipedia,82003107,Agent_Kim_Reactivated,Q139553270,136,2026-09-02
Indonesia,ID,id.wikipedia,4680537,Teach_You_a_Lesson,Q137844128,104,2026-09-02
Indonesia,ID,en.wikipedia,83488921,A_Bona_Fide_Killer,Q139411314,139,2026-09-02
Indonesia,ID,id.wikipedia,4737177,Agent_Kim_Reactivated,Q139553270,235,2026-09-02
United States,US,en.wikipedia,78258360,The_Wonderfools,Q130748503,183,2026-09-02
United States,US,en.wikipedia,75697706,A_Shop_for_Killers,Q123999260,313,2026-09-02
Philippines,PH,en.wikipedia,75697706,A_Shop_for_Killers,Q123999260,179,2026-09-02
United States,US,en.wikipedia,82034667,"Four_Hands,_Two_Sonatas",Q137271520,903,2026-09-02
India,IN,en.wikipedia,83488921,A_Bona_Fide_Killer,Q139411314,229,2026-09-02
United States,US,en.wikipedia,82159028,We_Are_All_Trying_Here,Q137843064,96,2026-09-02
India,IN,en.wikipedia,75697706,A_Shop_for_Killers,Q123999260,231,2026-09-02
Brazil,BR,en.wikipedia,82034667,"Four_Hands,_Two_Sonatas",Q137271520,135,2026-09-02
Indonesia,ID,en.wikipedia,82034667,"Four_Hands,_Two_Sonatas",Q137271520,157,2026-09-02
Malaysia,MY,en.wikipedia,79560156,Teach_You_a_Lesson,Q137844128,116,2026-09-02
Singapore,SG,en.wikipedia,75697706,A_Shop_for_Killers,Q123999260,109,2026-09-02
Malaysia,MY,en.wikipedia,83488921,A_Bona_Fide_Killer,Q139411314,257,2026-09-02
United States,US,en.wikipedia,73002553,Bloodhounds_(TV_series),Q109767798,124,2026-09-02
Singapore,SG,en.wikipedia,83488921,A_Bona_Fide_Killer,Q139411314,156,2026-09-02
Japan,JP,en.wikipedia,82003107,Agent_Kim_Reactivated,Q139553270,215,2026-09-02
United States,US,en.wikipedia,83488921,A_Bona_Fide_Killer,Q139411314,363,2026-09-02
India,IN,en.wikipedia,81854574,The_Legend_of_Kitchen_Soldier,Q137410939,233,2026-09-02
Japan,JP,en.wikipedia,82034667,"Four_Hands,_Two_Sonatas",Q137271520,110,2026-09-02
India,IN,en.wikipedia,73002553,Bloodhounds_(TV_series),Q109767798,144,2026-09-02
Australia,AU,en.wikipedia,82034667,"Four_Hands,_Two_Sonatas",Q137271520,167,2026-09-02
India,IN,en.wikipedia,82003107,Agent_Kim_Reactivated,Q139553270,338,2026-09-02
Canada,CA,en.wikipedia,82034667,"Four_Hands,_Two_Sonatas",Q137271520,195,2026-09-02
Malaysia,MY,en.wikipedia,75697706,A_Shop_for_Killers,Q123999260,147,2026-09-03
Singapore,SG,en.wikipedia,79560156,Teach_You_a_Lesson,Q137844128,129,2026-09-03
Germany,DE,de.wikipedia,13931524,"Four_Hands,_Two_Sonatas",Q137271520,155,2026-09-03
Indonesia,ID,id.wikipedia,4750411,A_Bona_Fide_Killer,Q139411314,275,2026-09-03
United States,US,en.wikipedia,79560156,Teach_You_a_Lesson,Q137844128,453,2026-09-03
India,IN,en.wikipedia,82034667,"Four_Hands,_Two_Sonatas",Q137271520,561,2026-09-03
Australia,AU,en.wikipedia,79560156,Teach_You_a_Lesson,Q137844128,99,2026-09-03
Malaysia,MY,en.wikipedia,82034667,"Four_Hands,_Two_Sonatas",Q137271520,191,2026-09-03
India,IN,en.wikipedia,78258360,The_Wonderfools,Q130748503,140,2026-09-03
United Kingdom,GB,en.wikipedia,79560156,Teach_You_a_Lesson,Q137844128,136,2026-09-03
India,IN,en.wikipedia,79560156,Teach_You_a_Lesson,Q137844128,394,2026-09-03
United Kingdom,GB,en.wikipedia,82034667,"Four_Hands,_Two_Sonatas",Q137271520,164,2026-09-03
Philippines,PH,en.wikipedia,82003107,Agent_Kim_Reactivated,Q139553270,160,2026-09-03
France,FR,fr.wikipedia,17588331,"Four_Hands,_Two_Sonatas",,123,2026-09-03
Philippines,PH,en.wikipedia,82034667,"Four_Hands,_Two_Sonatas",Q137271520,365,2026-09-03
Indonesia,ID,en.wikipedia,79560156,Teach_You_a_Lesson,Q137844128,134,2026-09-03
Philippines,PH,en.wikipedia,83488921,A_Bona_Fide_Killer,Q139411314,346,2026-09-03
Philippines,PH,en.wikipedia,79560156,Teach_You_a_Lesson,Q137844128,187,2026-09-03
Indonesia,ID,id.wikipedia,4694064,"Four_Hands,_Two_Sonatas",Q137271520,436,2026-09-03
Singapore,SG,en.wikipedia,82003107,Agent_Kim_Reactivated,Q139553270,189,2026-09-03
Malaysia,MY,en.wikipedia,82003107,Agent_Kim_Reactivated,Q139553270,146,2026-09-03
United States,US,en.wikipedia,82003107,Agent_Kim_Reactivated,Q139553270,463,2026-09-03
United States,US,en.wikipedia,81854574,The_Legend_of_Kitchen_Soldier,Q137410939,124,2026-09-03
Italy,IT,en.wikipedia,82034667,"Four_Hands,_Two_Sonatas",Q137271520,100,2026-09-03
Canada,CA,en.wikipedia,79560156,Teach_You_a_Lesson,Q137844128,132,2026-09-03
France,FR,fr.wikipedia,17514844,Agent_Kim_Reactivated,Q139553270,138,2026-09-03
Canada,CA,en.wikipedia,82003107,Agent_Kim_Reactivated,Q139553270,113,2026-09-03
Indonesia,ID,en.wikipedia,82003107,Agent_Kim_Reactivated,Q139553270,121,2026-09-03
Indonesia,ID,id.wikipedia,4680537,Teach_You_a_Lesson,Q137844128,161,2026-09-03
Indonesia,ID,en.wikipedia,83488921,A_Bona_Fide_Killer,Q139411314,111,2026-09-03
Indonesia,ID,id.wikipedia,4737177,Agent_Kim_Reactivated,Q139553270,179,2026-09-03
United States,US,en.wikipedia,78258360,The_Wonderfools,Q130748503,235,2026-09-03
United States,US,en.wikipedia,75697706,A_Shop_for_Killers,Q123999260,219,2026-09-03
Philippines,PH,en.wikipedia,75697706,A_Shop_for_Killers,Q123999260,169,2026-09-03
Germany,DE,en.wikipedia,79560156,Teach_You_a_Lesson,Q137844128,105,2026-09-03
United States,US,en.wikipedia,82034667,"Four_Hands,_Two_Sonatas",Q137271520,755,2026-09-03
India,IN,en.wikipedia,83488921,A_Bona_Fide_Killer,Q139411314,209,2026-09-03
United States,US,en.wikipedia,82159028,We_Are_All_Trying_Here,Q137843064,128,2026-09-03
India,IN,en.wikipedia,75697706,A_Shop_for_Killers,Q123999260,255,2026-09-03
Indonesia,ID,en.wikipedia,82034667,"Four_Hands,_Two_Sonatas",Q137271520,200,2026-09-03
Malaysia,MY,en.wikipedia,79560156,Teach_You_a_Lesson,Q137844128,131,2026-09-03
Singapore,SG,en.wikipedia,75697706,A_Shop_for_Killers,Q123999260,100,2026-09-03
Malaysia,MY,en.wikipedia,83488921,A_Bona_Fide_Killer,Q139411314,309,2026-09-03
Australia,AU,en.wikipedia,83488921,A_Bona_Fide_Killer,Q139411314,106,2026-09-03
United States,US,en.wikipedia,73002553,Bloodhounds_(TV_series),Q109767798,149,2026-09-03
Singapore,SG,en.wikipedia,83488921,A_Bona_Fide_Killer,Q139411314,119,2026-09-03
Japan,JP,en.wikipedia,82003107,Agent_Kim_Reactivated,Q139553270,244,2026-09-03
United States,US,en.wikipedia,83488921,A_Bona_Fide_Killer,Q139411314,285,2026-09-03
Germany,DE,de.wikipedia,13892974,Agent_Kim_Reactivated,Q139553270,99,2026-09-03
India,IN,en.wikipedia,81854574,The_Legend_of_Kitchen_Soldier,Q137410939,350,2026-09-03
India,IN,en.wikipedia,73002553,Bloodhounds_(TV_series),Q109767798,136,2026-09-03
Australia,AU,en.wikipedia,82034667,"Four_Hands,_Two_Sonatas",Q137271520,165,2026-09-03
India,IN,en.wikipedia,82003107,Agent_Kim_Reactivated,Q139553270,343,2026-09-03
Canada,CA,en.wikipedia,82034667,"Four_Hands,_Two_Sonatas",Q137271520,217,2026-09-03
Malaysia,MY,en.wikipedia,75697706,A_Shop_for_Killers,Q123999260,126,2026-09-04
Singapore,SG,en.wikipedia,79560156,Teach_You_a_Lesson,Q137844128,126,2026-09-04
Germany,DE,de.wikipedia,13931524,"Four_Hands,_Two_Sonatas",Q137271520,163,2026-09-04
Indonesia,ID,id.wikipedia,4750411,A_Bona_Fide_Killer,Q139411314,420,2026-09-04
United States,US,en.wikipedia,79560156,Teach_You_a_Lesson,Q137844128,523,2026-09-04
India,IN,en.wikipedia,82034667,"Four_Hands,_Two_Sonatas",Q137271520,397,2026-09-04
Australia,AU,en.wikipedia,79560156,Teach_You_a_Lesson,Q137844128,135,2026-09-04
Malaysia,MY,en.wikipedia,82034667,"Four_Hands,_Two_Sonatas",Q137271520,206,2026-09-04
India,IN,en.wikipedia,78258360,The_Wonderfools,Q130748503,148,2026-09-04
United Kingdom,GB,en.wikipedia,79560156,Teach_You_a_Lesson,Q137844128,134,2026-09-04
India,IN,en.wikipedia,79560156,Teach_You_a_Lesson,Q137844128,648,2026-09-04
United Kingdom,GB,en.wikipedia,82034667,"Four_Hands,_Two_Sonatas",Q137271520,122,2026-09-04
Philippines,PH,en.wikipedia,82003107,Agent_Kim_Reactivated,Q139553270,202,2026-09-04
Philippines,PH,en.wikipedia,82034667,"Four_Hands,_Two_Sonatas",Q137271520,301,2026-09-04
Indonesia,ID,en.wikipedia,79560156,Teach_You_a_Lesson,Q137844128,101,2026-09-04
Philippines,PH,en.wikipedia,83488921,A_Bona_Fide_Killer,Q139411314,536,2026-09-04
Philippines,PH,en.wikipedia,79560156,Teach_You_a_Lesson,Q137844128,180,2026-09-04
Indonesia,ID,id.wikipedia,4694064,"Four_Hands,_Two_Sonatas",Q137271520,295,2026-09-04
Singapore,SG,en.wikipedia,82003107,Agent_Kim_Reactivated,Q139553270,199,2026-09-04
Malaysia,MY,en.wikipedia,82003107,Agent_Kim_Reactivated,Q139553270,150,2026-09-04
United States,US,en.wikipedia,82003107,Agent_Kim_Reactivated,Q139553270,483,2026-09-04
Italy,IT,en.wikipedia,82034667,"Four_Hands,_Two_Sonatas",Q137271520,103,2026-09-04
United Kingdom,GB,en.wikipedia,82003107,Agent_Kim_Reactivated,Q139553270,96,2026-09-04
France,FR,fr.wikipedia,17514844,Agent_Kim_Reactivated,Q139553270,137,2026-09-04
Indonesia,ID,en.wikipedia,82003107,Agent_Kim_Reactivated,Q139553270,114,2026-09-04
Indonesia,ID,id.wikipedia,4680537,Teach_You_a_Lesson,Q137844128,182,2026-09-04
Indonesia,ID,en.wikipedia,83488921,A_Bona_Fide_Killer,Q139411314,172,2026-09-04
Indonesia,ID,id.wikipedia,4737177,Agent_Kim_Reactivated,Q139553270,241,2026-09-04
United States,US,en.wikipedia,78258360,The_Wonderfools,Q130748503,230,2026-09-04
United States,US,en.wikipedia,75697706,A_Shop_for_Killers,Q123999260,222,2026-09-04
Philippines,PH,en.wikipedia,75697706,A_Shop_for_Killers,Q123999260,156,2026-09-04
Germany,DE,en.wikipedia,79560156,Teach_You_a_Lesson,Q137844128,124,2026-09-04
United States,US,en.wikipedia,82034667,"Four_Hands,_Two_Sonatas",Q137271520,762,2026-09-04
India,IN,en.wikipedia,83488921,A_Bona_Fide_Killer,Q139411314,367,2026-09-04
India,IN,en.wikipedia,75697706,A_Shop_for_Killers,Q123999260,203,2026-09-04
Indonesia,ID,en.wikipedia,82034667,"Four_Hands,_Two_Sonatas",Q137271520,121,2026-09-04
Malaysia,MY,en.wikipedia,79560156,Teach_You_a_Lesson,Q137844128,158,2026-09-04
Canada,CA,en.wikipedia,83488921,A_Bona_Fide_Killer,Q139411314,100,2026-09-04
Malaysia,MY,en.wikipedia,83488921,A_Bona_Fide_Killer,Q139411314,324,2026-09-04
United States,US,en.wikipedia,73002553,Bloodhounds_(TV_series),Q109767798,157,2026-09-04
Japan,JP,en.wikipedia,75697706,A_Shop_for_Killers,Q123999260,90,2026-09-04
Singapore,SG,en.wikipedia,83488921,A_Bona_Fide_Killer,Q139411314,247,2026-09-04
Japan,JP,en.wikipedia,82003107,Agent_Kim_Reactivated,Q139553270,268,2026-09-04
United States,US,en.wikipedia,83488921,A_Bona_Fide_Killer,Q139411314,457,2026-09-04
France,FR,en.wikipedia,83488921,A_Bona_Fide_Killer,Q139411314,98,2026-09-04
India,IN,en.wikipedia,81854574,The_Legend_of_Kitchen_Soldier,Q137410939,273,2026-09-04
Japan,JP,en.wikipedia,82034667,"Four_Hands,_Two_Sonatas",Q137271520,126,2026-09-04
India,IN,en.wikipedia,73002553,Bloodhounds_(TV_series),Q109767798,138,2026-09-04
Australia,AU,en.wikipedia,82034667,"Four_Hands,_Two_Sonatas",Q137271520,168,2026-09-04
India,IN,en.wikipedia,82003107,Agent_Kim_Reactivated,Q139553270,384,2026-09-04
Canada,CA,en.wikipedia,82034667,"Four_Hands,_Two_Sonatas",Q137271520,151,2026-09-04
Malaysia,MY,en.wikipedia,75697706,A_Shop_for_Killers,Q123999260,152,2026-09-05
Singapore,SG,en.wikipedia,79560156,Teach_You_a_Lesson,Q137844128,140,2026-09-05
Germany,DE,de.wikipedia,13931524,"Four_Hands,_Two_Sonatas",Q137271520,185,2026-09-05
Indonesia,ID,id.wikipedia,4750411,A_Bona_Fide_Killer,Q139411314,871,2026-09-05
United States,US,en.wikipedia,79560156,Teach_You_a_Lesson,Q137844128,515,2026-09-05
India,IN,en.wikipedia,82034667,"Four_Hands,_Two_Sonatas",Q137271520,475,2026-09-05
Nigeria,NG,en.wikipedia,83488921,A_Bona_Fide_Killer,Q139411314,137,2026-09-05
Australia,AU,en.wikipedia,79560156,Teach_You_a_Lesson,Q137844128,106,2026-09-05
Malaysia,MY,en.wikipedia,82034667,"Four_Hands,_Two_Sonatas",Q137271520,286,2026-09-05
India,IN,en.wikipedia,78258360,The_Wonderfools,Q130748503,180,2026-09-05
United Kingdom,GB,en.wikipedia,79560156,Teach_You_a_Lesson,Q137844128,173,2026-09-05
India,IN,en.wikipedia,79560156,Teach_You_a_Lesson,Q137844128,403,2026-09-05
United Kingdom,GB,en.wikipedia,82034667,"Four_Hands,_Two_Sonatas",Q137271520,202,2026-09-05
Philippines,PH,en.wikipedia,82003107,Agent_Kim_Reactivated,Q139553270,222,2026-09-05
France,FR,fr.wikipedia,17588331,"Four_Hands,_Two_Sonatas",,162,2026-09-05
United Kingdom,GB,en.wikipedia,83488921,A_Bona_Fide_Killer,Q139411314,165,2026-09-05
Australia,AU,en.wikipedia,82003107,Agent_Kim_Reactivated,Q139553270,179,2026-09-05
Philippines,PH,en.wikipedia,82034667,"Four_Hands,_Two_Sonatas",Q137271520,388,2026-09-05
Indonesia,ID,en.wikipedia,79560156,Teach_You_a_Lesson,Q137844128,109,2026-09-05
Philippines,PH,en.wikipedia,83488921,A_Bona_Fide_Killer,Q139411314,1119,2026-09-05
Philippines,PH,en.wikipedia,79560156,Teach_You_a_Lesson,Q137844128,234,2026-09-05
Indonesia,ID,id.wikipedia,4694064,"Four_Hands,_Two_Sonatas",Q137271520,329,2026-09-05
Singapore,SG,en.wikipedia,82003107,Agent_Kim_Reactivated,Q139553270,266,2026-09-05
Malaysia,MY,en.wikipedia,82003107,Agent_Kim_Reactivated,Q139553270,183,2026-09-05
United States,US,en.wikipedia,82003107,Agent_Kim_Reactivated,Q139553270,597,2026-09-05
United States,US,en.wikipedia,81854574,The_Legend_of_Kitchen_Soldier,Q137410939,92,2026-09-05
Italy,IT,en.wikipedia,82034667,"Four_Hands,_Two_Sonatas",Q137271520,142,2026-09-05
United Kingdom,GB,en.wikipedia,82003107,Agent_Kim_Reactivated,Q139553270,111,2026-09-05
Germany,DE,en.wikipedia,83488921,A_Bona_Fide_Killer,Q139411314,97,2026-09-05
France,FR,fr.wikipedia,17514844,Agent_Kim_Reactivated,Q139553270,173,2026-09-05
Canada,CA,en.wikipedia,82003107,Agent_Kim_Reactivated,Q139553270,101,2026-09-05
Indonesia,ID,en.wikipedia,82003107,Agent_Kim_Reactivated,Q139553270,154,2026-09-05
Indonesia,ID,id.wikipedia,4680537,Teach_You_a_Lesson,Q137844128,172,2026-09-05
Indonesia,ID,en.wikipedia,83488921,A_Bona_Fide_Killer,Q139411314,374,2026-09-05
Indonesia,ID,id.wikipedia,4737177,Agent_Kim_Reactivated,Q139553270,241,2026-09-05
United States,US,en.wikipedia,78258360,The_Wonderfools,Q130748503,234,2026-09-05
Germany,DE,en.wikipedia,82034667,"Four_Hands,_Two_Sonatas",Q137271520,124,2026-09-05
United States,US,en.wikipedia,75697706,A_Shop_for_Killers,Q123999260,219,2026-09-05
Philippines,PH,en.wikipedia,75697706,A_Shop_for_Killers,Q123999260,198,2026-09-05
Thailand,TH,en.wikipedia,83488921,A_Bona_Fide_Killer,Q139411314,150,2026-09-05
Germany,DE,en.wikipedia,79560156,Teach_You_a_Lesson,Q137844128,102,2026-09-05
Singapore,SG,en.wikipedia,78258360,The_Wonderfools,Q130748503,91,2026-09-05
United States,US,en.wikipedia,82034667,"Four_Hands,_Two_Sonatas",Q137271520,976,2026-09-05
India,IN,en.wikipedia,83488921,A_Bona_Fide_Killer,Q139411314,636,2026-09-05
United States,US,en.wikipedia,82159028,We_Are_All_Trying_Here,Q137843064,118,2026-09-05
India,IN,en.wikipedia,75697706,A_Shop_for_Killers,Q123999260,262,2026-09-05
Brazil,BR,en.wikipedia,82034667,"Four_Hands,_Two_Sonatas",Q137271520,105,2026-09-05
Indonesia,ID,en.wikipedia,82034667,"Four_Hands,_Two_Sonatas",Q137271520,144,2026-09-05
Malaysia,MY,en.wikipedia,79560156,Teach_You_a_Lesson,Q137844128,163,2026-09-05
Singapore,SG,en.wikipedia,75697706,A_Shop_for_Killers,Q123999260,133,2026-09-05
Canada,CA,en.wikipedia,83488921,A_Bona_Fide_Killer,Q139411314,224,2026-09-05
Malaysia,MY,en.wikipedia,83488921,A_Bona_Fide_Killer,Q139411314,812,2026-09-05
Australia,AU,en.wikipedia,83488921,A_Bona_Fide_Killer,Q139411314,198,2026-09-05
United States,US,en.wikipedia,73002553,Bloodhounds_(TV_series),Q109767798,150,2026-09-05
Singapore,SG,en.wikipedia,83488921,A_Bona_Fide_Killer,Q139411314,450,2026-09-05
Japan,JP,en.wikipedia,82003107,Agent_Kim_Reactivated,Q139553270,267,2026-09-05
United States,US,en.wikipedia,83488921,A_Bona_Fide_Killer,Q139411314,876,2026-09-05
Germany,DE,de.wikipedia,13892974,Agent_Kim_Reactivated,Q139553270,105,2026-09-05
France,FR,en.wikipedia,83488921,A_Bona_Fide_Killer,Q139411314,142,2026-09-05
India,IN,en.wikipedia,81854574,The_Legend_of_Kitchen_Soldier,Q137410939,232,2026-09-05
Japan,JP,en.wikipedia,82034667,"Four_Hands,_Two_Sonatas",Q137271520,162,2026-09-05
Indonesia,ID,en.wikipedia,75697706,A_Shop_for_Killers,Q123999260,113,2026-09-05
India,IN,en.wikipedia,73002553,Bloodhounds_(TV_series),Q109767798,141,2026-09-05
Australia,AU,en.wikipedia,82034667,"Four_Hands,_Two_Sonatas",Q137271520,134,2026-09-05
India,IN,en.wikipedia,82003107,Agent_Kim_Reactivated,Q139553270,442,2026-09-05
Canada,CA,en.wikipedia,82034667,"Four_Hands,_Two_Sonatas",Q137271520,169,2026-09-05
Malaysia,MY,en.wikipedia,75697706,A_Shop_for_Killers,Q123999260,120,2026-09-06
Singapore,SG,en.wikipedia,79560156,Teach_You_a_Lesson,Q137844128,178,2026-09-06
Germany,DE,de.wikipedia,13931524,"Four_Hands,_Two_Sonatas",Q137271520,275,2026-09-06
Indonesia,ID,id.wikipedia,4750411,A_Bona_Fide_Killer,Q139411314,808,2026-09-06
United States,US,en.wikipedia,79560156,Teach_You_a_Lesson,Q137844128,592,2026-09-06
India,IN,en.wikipedia,82034667,"Four_Hands,_Two_Sonatas",Q137271520,769,2026-09-06
Nigeria,NG,en.wikipedia,83488921,A_Bona_Fide_Killer,Q139411314,121,2026-09-06
Australia,AU,en.wikipedia,79560156,Teach_You_a_Lesson,Q137844128,93,2026-09-06
Malaysia,MY,en.wikipedia,82034667,"Four_Hands,_Two_Sonatas",Q137271520,321,2026-09-06
India,IN,en.wikipedia,78258360,The_Wonderfools,Q130748503,225,2026-09-06
United Kingdom,GB,en.wikipedia,79560156,Teach_You_a_Lesson,Q137844128,118,2026-09-06
India,IN,en.wikipedia,79560156,Teach_You_a_Lesson,Q137844128,420,2026-09-06
United Kingdom,GB,en.wikipedia,82034667,"Four_Hands,_Two_Sonatas",Q137271520,297,2026-09-06
Philippines,PH,en.wikipedia,82003107,Agent_Kim_Reactivated,Q139553270,245,2026-09-06
France,FR,fr.wikipedia,17588331,"Four_Hands,_Two_Sonatas",,209,2026-09-06
United Kingdom,GB,en.wikipedia,83488921,A_Bona_Fide_Killer,Q139411314,166,2026-09-06
Australia,AU,en.wikipedia,82003107,Agent_Kim_Reactivated,Q139553270,123,2026-09-06
Japan,JP,en.wikipedia,83488921,A_Bona_Fide_Killer,Q139411314,111,2026-09-06
Philippines,PH,en.wikipedia,82034667,"Four_Hands,_Two_Sonatas",Q137271520,596,2026-09-06
Indonesia,ID,en.wikipedia,79560156,Teach_You_a_Lesson,Q137844128,102,2026-09-06
Philippines,PH,en.wikipedia,83488921,A_Bona_Fide_Killer,Q139411314,1319,2026-09-06
Philippines,PH,en.wikipedia,79560156,Teach_You_a_Lesson,Q137844128,188,2026-09-06
Indonesia,ID,id.wikipedia,4694064,"Four_Hands,_Two_Sonatas",Q137271520,400,2026-09-06
Singapore,SG,en.wikipedia,82003107,Agent_Kim_Reactivated,Q139553270,251,2026-09-06
Malaysia,MY,en.wikipedia,82003107,Agent_Kim_Reactivated,Q139553270,187,2026-09-06
United States,US,en.wikipedia,82003107,Agent_Kim_Reactivated,Q139553270,600,2026-09-06
United States,US,en.wikipedia,81854574,The_Legend_of_Kitchen_Soldier,Q137410939,112,2026-09-06
Italy,IT,en.wikipedia,82034667,"Four_Hands,_Two_Sonatas",Q137271520,194,2026-09-06
Canada,CA,en.wikipedia,79560156,Teach_You_a_Lesson,Q137844128,168,2026-09-06
United Kingdom,GB,en.wikipedia,82003107,Agent_Kim_Reactivated,Q139553270,145,2026-09-06
Germany,DE,en.wikipedia,83488921,A_Bona_Fide_Killer,Q139411314,135,2026-09-06
France,FR,fr.wikipedia,17514844,Agent_Kim_Reactivated,Q139553270,252,2026-09-06
Indonesia,ID,id.wikipedia,4680537,Teach_You_a_Lesson,Q137844128,123,2026-09-06
Indonesia,ID,en.wikipedia,83488921,A_Bona_Fide_Killer,Q139411314,398,2026-09-06
Indonesia,ID,id.wikipedia,4737177,Agent_Kim_Reactivated,Q139553270,202,2026-09-06
United States,US,en.wikipedia,78258360,The_Wonderfools,Q130748503,256,2026-09-06
Germany,DE,en.wikipedia,82034667,"Four_Hands,_Two_Sonatas",Q137271520,110,2026-09-06
United States,US,en.wikipedia,75697706,A_Shop_for_Killers,Q123999260,244,2026-09-06
Philippines,PH,en.wikipedia,75697706,A_Shop_for_Killers,Q123999260,228,2026-09-06
Thailand,TH,en.wikipedia,83488921,A_Bona_Fide_Killer,Q139411314,121,2026-09-06
Germany,DE,en.wikipedia,79560156,Teach_You_a_Lesson,Q137844128,108,2026-09-06
United States,US,en.wikipedia,82034667,"Four_Hands,_Two_Sonatas",Q137271520,1272,2026-09-06
India,IN,en.wikipedia,83488921,A_Bona_Fide_Killer,Q139411314,807,2026-09-06
India,IN,en.wikipedia,75697706,A_Shop_for_Killers,Q123999260,282,2026-09-06
Brazil,BR,en.wikipedia,82034667,"Four_Hands,_Two_Sonatas",Q137271520,149,2026-09-06
Indonesia,ID,en.wikipedia,82034667,"Four_Hands,_Two_Sonatas",Q137271520,228,2026-09-06
Malaysia,MY,en.wikipedia,79560156,Teach_You_a_Lesson,Q137844128,165,2026-09-06
Singapore,SG,en.wikipedia,75697706,A_Shop_for_Killers,Q123999260,151,2026-09-06
Canada,CA,en.wikipedia,83488921,A_Bona_Fide_Killer,Q139411314,255,2026-09-06
Malaysia,MY,en.wikipedia,83488921,A_Bona_Fide_Killer,Q139411314,779,2026-09-06
Australia,AU,en.wikipedia,83488921,A_Bona_Fide_Killer,Q139411314,179,2026-09-06
United States,US,en.wikipedia,73002553,Bloodhounds_(TV_series),Q109767798,190,2026-09-06
Japan,JP,en.wikipedia,75697706,A_Shop_for_Killers,Q123999260,93,2026-09-06
Singapore,SG,en.wikipedia,83488921,A_Bona_Fide_Killer,Q139411314,625,2026-09-06
Japan,JP,en.wikipedia,82003107,Agent_Kim_Reactivated,Q139553270,275,2026-09-06
United States,US,en.wikipedia,83488921,A_Bona_Fide_Killer,Q139411314,962,2026-09-06
Germany,DE,de.wikipedia,13892974,Agent_Kim_Reactivated,Q139553270,126,2026-09-06
France,FR,en.wikipedia,83488921,A_Bona_Fide_Killer,Q139411314,147,2026-09-06
India,IN,en.wikipedia,81854574,The_Legend_of_Kitchen_Soldier,Q137410939,195,2026-09-06
Japan,JP,en.wikipedia,82034667,"Four_Hands,_Two_Sonatas",Q137271520,242,2026-09-06
India,IN,en.wikipedia,73002553,Bloodhounds_(TV_series),Q109767798,139,2026-09-06
Australia,AU,en.wikipedia,82034667,"Four_Hands,_Two_Sonatas",Q137271520,216,2026-09-06
India,IN,en.wikipedia,82003107,Agent_Kim_Reactivated,Q139553270,423,2026-09-06
Canada,CA,en.wikipedia,82034667,"Four_Hands,_Two_Sonatas",Q137271520,279,2026-09-06
Singapore,SG,en.wikipedia,79560156,Teach_You_a_Lesson,Q137844128,168,2026-09-07
Germany,DE,de.wikipedia,13931524,"Four_Hands,_Two_Sonatas",Q137271520,142,2026-09-07
Indonesia,ID,id.wikipedia,4750411,A_Bona_Fide_Killer,Q139411314,537,2026-09-07
United States,US,en.wikipedia,79560156,Teach_You_a_Lesson,Q137844128,683,2026-09-07
India,IN,en.wikipedia,82034667,"Four_Hands,_Two_Sonatas",Q137271520,565,2026-09-07
Australia,AU,en.wikipedia,79560156,Teach_You_a_Lesson,Q137844128,106,2026-09-07
Malaysia,MY,en.wikipedia,82034667,"Four_Hands,_Two_Sonatas",Q137271520,290,2026-09-07
India,IN,en.wikipedia,78258360,The_Wonderfools,Q130748503,141,2026-09-07
United Kingdom,GB,en.wikipedia,79560156,Teach_You_a_Lesson,Q137844128,110,2026-09-07
India,IN,en.wikipedia,79560156,Teach_You_a_Lesson,Q137844128,334,2026-09-07
United Kingdom,GB,en.wikipedia,82034667,"Four_Hands,_Two_Sonatas",Q137271520,194,2026-09-07
Philippines,PH,en.wikipedia,82003107,Agent_Kim_Reactivated,Q139553270,186,2026-09-07
France,FR,fr.wikipedia,17588331,"Four_Hands,_Two_Sonatas",,138,2026-09-07
United Kingdom,GB,en.wikipedia,83488921,A_Bona_Fide_Killer,Q139411314,95,2026-09-07
Philippines,PH,en.wikipedia,82034667,"Four_Hands,_Two_Sonatas",Q137271520,534,2026-09-07
Indonesia,ID,en.wikipedia,79560156,Teach_You_a_Lesson,Q137844128,97,2026-09-07
Philippines,PH,en.wikipedia,83488921,A_Bona_Fide_Killer,Q139411314,909,2026-09-07
Philippines,PH,en.wikipedia,79560156,Teach_You_a_Lesson,Q137844128,169,2026-09-07
Indonesia,ID,id.wikipedia,4694064,"Four_Hands,_Two_Sonatas",Q137271520,401,2026-09-07
Singapore,SG,en.wikipedia,82003107,Agent_Kim_Reactivated,Q139553270,226,2026-09-07
Malaysia,MY,en.wikipedia,82003107,Agent_Kim_Reactivated,Q139553270,118,2026-09-07
United States,US,en.wikipedia,82003107,Agent_Kim_Reactivated,Q139553270,761,2026-09-07
United States,US,en.wikipedia,81854574,The_Legend_of_Kitchen_Soldier,Q137410939,93,2026-09-07
Italy,IT,en.wikipedia,82034667,"Four_Hands,_Two_Sonatas",Q137271520,142,2026-09-07
Canada,CA,en.wikipedia,79560156,Teach_You_a_Lesson,Q137844128,172,2026-09-07
United Kingdom,GB,en.wikipedia,82003107,Agent_Kim_Reactivated,Q139553270,124,2026-09-07
France,FR,fr.wikipedia,17514844,Agent_Kim_Reactivated,Q139553270,167,2026-09-07
Canada,CA,en.wikipedia,82003107,Agent_Kim_Reactivated,Q139553270,163,2026-09-07
Indonesia,ID,en.wikipedia,82003107,Agent_Kim_Reactivated,Q139553270,100,2026-09-07
Indonesia,ID,en.wikipedia,83488921,A_Bona_Fide_Killer,Q139411314,239,2026-09-07
Indonesia,ID,id.wikipedia,4737177,Agent_Kim_Reactivated,Q139553270,184,2026-09-07
United States,US,en.wikipedia,78258360,The_Wonderfools,Q130748503,236,2026-09-07
Germany,DE,en.wikipedia,82034667,"Four_Hands,_Two_Sonatas",Q137271520,98,2026-09-07
United States,US,en.wikipedia,75697706,A_Shop_for_Killers,Q123999260,236,2026-09-07
Philippines,PH,en.wikipedia,75697706,A_Shop_for_Killers,Q123999260,216,2026-09-07
Thailand,TH,en.wikipedia,83488921,A_Bona_Fide_Killer,Q139411314,113,2026-09-07
United States,US,en.wikipedia,82034667,"Four_Hands,_Two_Sonatas",Q137271520,1048,2026-09-07
India,IN,en.wikipedia,83488921,A_Bona_Fide_Killer,Q139411314,394,2026-09-07
United States,US,en.wikipedia,82159028,We_Are_All_Trying_Here,Q137843064,118,2026-09-07
Canada,CA,en.wikipedia,75697706,A_Shop_for_Killers,Q123999260,92,2026-09-07
India,IN,en.wikipedia,75697706,A_Shop_for_Killers,Q123999260,222,2026-09-07
Brazil,BR,en.wikipedia,82034667,"Four_Hands,_Two_Sonatas",Q137271520,174,2026-09-07
Indonesia,ID,en.wikipedia,82034667,"Four_Hands,_Two_Sonatas",Q137271520,179,2026-09-07
Malaysia,MY,en.wikipedia,79560156,Teach_You_a_Lesson,Q137844128,115,2026-09-07
Canada,CA,en.wikipedia,83488921,A_Bona_Fide_Killer,Q139411314,203,2026-09-07
Malaysia,MY,en.wikipedia,83488921,A_Bona_Fide_Killer,Q139411314,449,2026-09-07
Australia,AU,en.wikipedia,83488921,A_Bona_Fide_Killer,Q139411314,107,2026-09-07
United States,US,en.wikipedia,73002553,Bloodhounds_(TV_series),Q109767798,229,2026-09-07
Thailand,TH,en.wikipedia,82034667,"Four_Hands,_Two_Sonatas",Q137271520,123,2026-09-07
Singapore,SG,en.wikipedia,83488921,A_Bona_Fide_Killer,Q139411314,337,2026-09-07
Japan,JP,en.wikipedia,82003107,Agent_Kim_Reactivated,Q139553270,193,2026-09-07
United States,US,en.wikipedia,83488921,A_Bona_Fide_Killer,Q139411314,694,2026-09-07
France,FR,en.wikipedia,83488921,A_Bona_Fide_Killer,Q139411314,95,2026-09-07
India,IN,en.wikipedia,81854574,The_Legend_of_Kitchen_Soldier,Q137410939,133,2026-09-07
Japan,JP,en.wikipedia,82034667,"Four_Hands,_Two_Sonatas",Q137271520,198,2026-09-07
India,IN,en.wikipedia,73002553,Bloodhounds_(TV_series),Q109767798,129,2026-09-07
Australia,AU,en.wikipedia,82034667,"Four_Hands,_Two_Sonatas",Q137271520,247,2026-09-07
Philippines,PH,en.wikipedia,78258360,The_Wonderfools,Q130748503,103,2026-09-07
India,IN,en.wikipedia,82003107,Agent_Kim_Reactivated,Q139553270,279,2026-09-07
Canada,CA,en.wikipedia,82034667,"Four_Hands,_Two_Sonatas",Q137271520,221,2026-09-07
Malaysia,MY,en.wikipedia,75697706,A_Shop_for_Killers,Q123999260,100,2026-09-08
Singapore,SG,en.wikipedia,79560156,Teach_You_a_Lesson,Q137844128,144,2026-09-08
Indonesia,ID,id.wikipedia,4750411,A_Bona_Fide_Killer,Q139411314,400,2026-09-08
United States,US,en.wikipedia,79560156,Teach_You_a_Lesson,Q137844128,535,2026-09-08
India,IN,en.wikipedia,82034667,"Four_Hands,_Two_Sonatas",Q137271520,425,2026-09-08
Nigeria,NG,en.wikipedia,83488921,A_Bona_Fide_Killer,Q139411314,114,2026-09-08
Malaysia,MY,en.wikipedia,82034667,"Four_Hands,_Two_Sonatas",Q137271520,211,2026-09-08
India,IN,en.wikipedia,78258360,The_Wonderfools,Q130748503,136,2026-09-08
United Kingdom,GB,en.wikipedia,79560156,Teach_You_a_Lesson,Q137844128,121,2026-09-08
India,IN,en.wikipedia,79560156,Teach_You_a_Lesson,Q137844128,312,2026-09-08
United Kingdom,GB,en.wikipedia,82034667,"Four_Hands,_Two_Sonatas",Q137271520,151,2026-09-08
Philippines,PH,en.wikipedia,82003107,Agent_Kim_Reactivated,Q139553270,183,2026-09-08
United Kingdom,GB,en.wikipedia,83488921,A_Bona_Fide_Killer,Q139411314,112,2026-09-08
Australia,AU,en.wikipedia,82003107,Agent_Kim_Reactivated,Q139553270,144,2026-09-08
Philippines,PH,en.wikipedia,82034667,"Four_Hands,_Two_Sonatas",Q137271520,324,2026-09-08
Philippines,PH,en.wikipedia,83488921,A_Bona_Fide_Killer,Q139411314,611,2026-09-08
Philippines,PH,en.wikipedia,79560156,Teach_You_a_Lesson,Q137844128,121,2026-09-08
Indonesia,ID,id.wikipedia,4694064,"Four_Hands,_Two_Sonatas",Q137271520,313,2026-09-08
Singapore,SG,en.wikipedia,82003107,Agent_Kim_Reactivated,Q139553270,152,2026-09-08
United States,US,en.wikipedia,82003107,Agent_Kim_Reactivated,Q139553270,586,2026-09-08
Italy,IT,en.wikipedia,82034667,"Four_Hands,_Two_Sonatas",Q137271520,100,2026-09-08
Canada,CA,en.wikipedia,79560156,Teach_You_a_Lesson,Q137844128,142,2026-09-08
United Kingdom,GB,en.wikipedia,82003107,Agent_Kim_Reactivated,Q139553270,116,2026-09-08
France,FR,fr.wikipedia,17514844,Agent_Kim_Reactivated,Q139553270,154,2026-09-08
Canada,CA,en.wikipedia,82003107,Agent_Kim_Reactivated,Q139553270,151,2026-09-08
Indonesia,ID,en.wikipedia,82003107,Agent_Kim_Reactivated,Q139553270,95,2026-09-08
Indonesia,ID,id.wikipedia,4680537,Teach_You_a_Lesson,Q137844128,147,2026-09-08
Indonesia,ID,en.wikipedia,83488921,A_Bona_Fide_Killer,Q139411314,182,2026-09-08
Indonesia,ID,id.wikipedia,4737177,Agent_Kim_Reactivated,Q139553270,167,2026-09-08
United States,US,en.wikipedia,78258360,The_Wonderfools,Q130748503,280,2026-09-08
United States,US,en.wikipedia,75697706,A_Shop_for_Killers,Q123999260,220,2026-09-08
Philippines,PH,en.wikipedia,75697706,A_Shop_for_Killers,Q123999260,174,2026-09-08
United States,US,en.wikipedia,82034667,"Four_Hands,_Two_Sonatas",Q137271520,770,2026-09-08
India,IN,en.wikipedia,83488921,A_Bona_Fide_Killer,Q139411314,312,2026-09-08
United States,US,en.wikipedia,82159028,We_Are_All_Trying_Here,Q137843064,91,2026-09-08
India,IN,en.wikipedia,75697706,A_Shop_for_Killers,Q123999260,178,2026-09-08
Brazil,BR,en.wikipedia,82034667,"Four_Hands,_Two_Sonatas",Q137271520,163,2026-09-08
Indonesia,ID,en.wikipedia,82034667,"Four_Hands,_Two_Sonatas",Q137271520,148,2026-09-08
Malaysia,MY,en.wikipedia,79560156,Teach_You_a_Lesson,Q137844128,135,2026-09-08
Canada,CA,en.wikipedia,83488921,A_Bona_Fide_Killer,Q139411314,124,2026-09-08
Malaysia,MY,en.wikipedia,83488921,A_Bona_Fide_Killer,Q139411314,376,2026-09-08
Australia,AU,en.wikipedia,83488921,A_Bona_Fide_Killer,Q139411314,106,2026-09-08
United States,US,en.wikipedia,73002553,Bloodhounds_(TV_series),Q109767798,176,2026-09-08
Singapore,SG,en.wikipedia,83488921,A_Bona_Fide_Killer,Q139411314,255,2026-09-08
Japan,JP,en.wikipedia,82003107,Agent_Kim_Reactivated,Q139553270,183,2026-09-08
United States,US,en.wikipedia,83488921,A_Bona_Fide_Killer,Q139411314,555,2026-09-08
India,IN,en.wikipedia,81854574,The_Legend_of_Kitchen_Soldier,Q137410939,115,2026-09-08
Japan,JP,en.wikipedia,82034667,"Four_Hands,_Two_Sonatas",Q137271520,113,2026-09-08
India,IN,en.wikipedia,73002553,Bloodhounds_(TV_series),Q109767798,94,2026-09-08
Australia,AU,en.wikipedia,82034667,"Four_Hands,_Two_Sonatas",Q137271520,154,2026-09-08
India,IN,en.wikipedia,82003107,Agent_Kim_Reactivated,Q139553270,272,2026-09-08
Canada,CA,en.wikipedia,82034667,"Four_Hands,_Two_Sonatas",Q137271520,135,2026-09-08
Singapore,SG,en.wikipedia,79560156,Teach_You_a_Lesson,Q137844128,123,2026-09-09
Indonesia,ID,id.wikipedia,4750411,A_Bona_Fide_Killer,Q139411314,365,2026-09-09
United States,US,en.wikipedia,79560156,Teach_You_a_Lesson,Q137844128,485,2026-09-09
India,IN,en.wikipedia,82034667,"Four_Hands,_Two_Sonatas",Q137271520,324,2026-09-09
Nigeria,NG,en.wikipedia,83488921,A_Bona_Fide_Killer,Q139411314,105,2026-09-09
Australia,AU,en.wikipedia,79560156,Teach_You_a_Lesson,Q137844128,113,2026-09-09
Malaysia,MY,en.wikipedia,82034667,"Four_Hands,_Two_Sonatas",Q137271520,120,2026-09-09
India,IN,en.wikipedia,78258360,The_Wonderfools,Q130748503,116,2026-09-09
United Kingdom,GB,en.wikipedia,79560156,Teach_You_a_Lesson,Q137844128,123,2026-09-09
India,IN,en.wikipedia,79560156,Teach_You_a_Lesson,Q137844128,316,2026-09-09
United Kingdom,GB,en.wikipedia,82034667,"Four_Hands,_Two_Sonatas",Q137271520,108,2026-09-09
Philippines,PH,en.wikipedia,82003107,Agent_Kim_Reactivated,Q139553270,176,2026-09-09
United Kingdom,GB,en.wikipedia,83488921,A_Bona_Fide_Killer,Q139411314,91,2026-09-09
Australia,AU,en.wikipedia,82003107,Agent_Kim_Reactivated,Q139553270,120,2026-09-09
Philippines,PH,en.wikipedia,82034667,"Four_Hands,_Two_Sonatas",Q137271520,260,2026-09-09
Indonesia,ID,en.wikipedia,79560156,Teach_You_a_Lesson,Q137844128,139,2026-09-09
Philippines,PH,en.wikipedia,83488921,A_Bona_Fide_Killer,Q139411314,484,2026-09-09
Philippines,PH,en.wikipedia,79560156,Teach_You_a_Lesson,Q137844128,186,2026-09-09
Indonesia,ID,id.wikipedia,4694064,"Four_Hands,_Two_Sonatas",Q137271520,272,2026-09-09
Singapore,SG,en.wikipedia,82003107,Agent_Kim_Reactivated,Q139553270,117,2026-09-09
Malaysia,MY,en.wikipedia,82003107,Agent_Kim_Reactivated,Q139553270,128,2026-09-09
United States,US,en.wikipedia,82003107,Agent_Kim_Reactivated,Q139553270,520,2026-09-09
Italy,IT,en.wikipedia,82034667,"Four_Hands,_Two_Sonatas",Q137271520,92,2026-09-09
Canada,CA,en.wikipedia,79560156,Teach_You_a_Lesson,Q137844128,95,2026-09-09
France,FR,fr.wikipedia,17514844,Agent_Kim_Reactivated,Q139553270,123,2026-09-09
Canada,CA,en.wikipedia,82003107,Agent_Kim_Reactivated,Q139553270,112,2026-09-09
Indonesia,ID,id.wikipedia,4680537,Teach_You_a_Lesson,Q137844128,149,2026-09-09
Indonesia,ID,en.wikipedia,83488921,A_Bona_Fide_Killer,Q139411314,167,2026-09-09
Indonesia,ID,id.wikipedia,4737177,Agent_Kim_Reactivated,Q139553270,172,2026-09-09
United States,US,en.wikipedia,78258360,The_Wonderfools,Q130748503,209,2026-09-09
Philippines,PH,en.wikipedia,81854574,The_Legend_of_Kitchen_Soldier,Q137410939,101,2026-09-09
United States,US,en.wikipedia,75697706,A_Shop_for_Killers,Q123999260,185,2026-09-09
Philippines,PH,en.wikipedia,75697706,A_Shop_for_Killers,Q123999260,176,2026-09-09
United States,US,en.wikipedia,82034667,"Four_Hands,_Two_Sonatas",Q137271520,621,2026-09-09
India,IN,en.wikipedia,83488921,A_Bona_Fide_Killer,Q139411314,257,2026-09-09
United States,US,en.wikipedia,82159028,We_Are_All_Trying_Here,Q137843064,103,2026-09-09
India,IN,en.wikipedia,75697706,A_Shop_for_Killers,Q123999260,177,2026-09-09
Brazil,BR,en.wikipedia,82034667,"Four_Hands,_Two_Sonatas",Q137271520,113,2026-09-09
Indonesia,ID,en.wikipedia,82034667,"Four_Hands,_Two_Sonatas",Q137271520,104,2026-09-09
Malaysia,MY,en.wikipedia,79560156,Teach_You_a_Lesson,Q137844128,113,2026-09-09
Canada,CA,en.wikipedia,83488921,A_Bona_Fide_Killer,Q139411314,116,2026-09-09
Malaysia,MY,en.wikipedia,83488921,A_Bona_Fide_Killer,Q139411314,306,2026-09-09
United States,US,en.wikipedia,73002553,Bloodhounds_(TV_series),Q109767798,111,2026-09-09
Singapore,SG,en.wikipedia,83488921,A_Bona_Fide_Killer,Q139411314,221,2026-09-09
Japan,JP,en.wikipedia,82003107,Agent_Kim_Reactivated,Q139553270,170,2026-09-09
United States,US,en.wikipedia,83488921,A_Bona_Fide_Killer,Q139411314,431,2026-09-09
India,IN,en.wikipedia,81854574,The_Legend_of_Kitchen_Soldier,Q137410939,113,2026-09-09
India,IN,en.wikipedia,73002553,Bloodhounds_(TV_series),Q109767798,95,2026-09-09
India,IN,en.wikipedia,82003107,Agent_Kim_Reactivated,Q139553270,215,2026-09-09
Canada,CA,en.wikipedia,82034667,"Four_Hands,_Two_Sonatas",Q137271520,124,2026-09-09
Malaysia,MY,en.wikipedia,75697706,A_Shop_for_Killers,Q123999260,90,2026-09-10
Singapore,SG,en.wikipedia,79560156,Teach_You_a_Lesson,Q137844128,136,2026-09-10
Indonesia,ID,id.wikipedia,4750411,A_Bona_Fide_Killer,Q139411314,378,2026-09-10
United States,US,en.wikipedia,79560156,Teach_You_a_Lesson,Q137844128,451,2026-09-10
India,IN,en.wikipedia,82034667,"Four_Hands,_Two_Sonatas",Q137271520,265,2026-09-10
Malaysia,MY,en.wikipedia,82034667,"Four_Hands,_Two_Sonatas",Q137271520,105,2026-09-10
India,IN,en.wikipedia,78258360,The_Wonderfools,Q130748503,150,2026-09-10
United Kingdom,GB,en.wikipedia,79560156,Teach_You_a_Lesson,Q137844128,117,2026-09-10
India,IN,en.wikipedia,79560156,Teach_You_a_Lesson,Q137844128,260,2026-09-10
United Kingdom,GB,en.wikipedia,82034667,"Four_Hands,_Two_Sonatas",Q137271520,110,2026-09-10
Philippines,PH,en.wikipedia,82003107,Agent_Kim_Reactivated,Q139553270,172,2026-09-10
Philippines,PH,en.wikipedia,82034667,"Four_Hands,_Two_Sonatas",Q137271520,237,2026-09-10
Philippines,PH,en.wikipedia,83488921,A_Bona_Fide_Killer,Q139411314,482,2026-09-10
Philippines,PH,en.wikipedia,79560156,Teach_You_a_Lesson,Q137844128,151,2026-09-10
Indonesia,ID,id.wikipedia,4694064,"Four_Hands,_Two_Sonatas",Q137271520,293,2026-09-10
Singapore,SG,en.wikipedia,82003107,Agent_Kim_Reactivated,Q139553270,154,2026-09-10
Malaysia,MY,en.wikipedia,82003107,Agent_Kim_Reactivated,Q139553270,127,2026-09-10
United States,US,en.wikipedia,82003107,Agent_Kim_Reactivated,Q139553270,513,2026-09-10
United States,US,en.wikipedia,81854574,The_Legend_of_Kitchen_Soldier,Q137410939,131,2026-09-10
Canada,CA,en.wikipedia,79560156,Teach_You_a_Lesson,Q137844128,130,2026-09-10
France,FR,fr.wikipedia,17514844,Agent_Kim_Reactivated,Q139553270,139,2026-09-10
Indonesia,ID,id.wikipedia,4680537,Teach_You_a_Lesson,Q137844128,166,2026-09-10
Indonesia,ID,en.wikipedia,83488921,A_Bona_Fide_Killer,Q139411314,161,2026-09-10
Indonesia,ID,id.wikipedia,4737177,Agent_Kim_Reactivated,Q139553270,161,2026-09-10
United States,US,en.wikipedia,78258360,The_Wonderfools,Q130748503,184,2026-09-10
United States,US,en.wikipedia,75697706,A_Shop_for_Killers,Q123999260,211,2026-09-10
Philippines,PH,en.wikipedia,75697706,A_Shop_for_Killers,Q123999260,200,2026-09-10
Germany,DE,en.wikipedia,79560156,Teach_You_a_Lesson,Q137844128,93,2026-09-10
United States,US,en.wikipedia,82034667,"Four_Hands,_Two_Sonatas",Q137271520,520,2026-09-10
India,IN,en.wikipedia,83488921,A_Bona_Fide_Killer,Q139411314,243,2026-09-10
United States,US,en.wikipedia,82159028,We_Are_All_Trying_Here,Q137843064,142,2026-09-10
Canada,CA,en.wikipedia,75697706,A_Shop_for_Killers,Q123999260,90,2026-09-10
India,IN,en.wikipedia,75697706,A_Shop_for_Killers,Q123999260,184,2026-09-10
Brazil,BR,en.wikipedia,82034667,"Four_Hands,_Two_Sonatas",Q137271520,93,2026-09-10
Indonesia,ID,en.wikipedia,82034667,"Four_Hands,_Two_Sonatas",Q137271520,90,2026-09-10
Malaysia,MY,en.wikipedia,79560156,Teach_You_a_Lesson,Q137844128,92,2026-09-10
Singapore,SG,en.wikipedia,75697706,A_Shop_for_Killers,Q123999260,102,2026-09-10
Canada,CA,en.wikipedia,83488921,A_Bona_Fide_Killer,Q139411314,94,2026-09-10
Malaysia,MY,en.wikipedia,83488921,A_Bona_Fide_Killer,Q139411314,396,2026-09-10
Australia,AU,en.wikipedia,83488921,A_Bona_Fide_Killer,Q139411314,121,2026-09-10
United States,US,en.wikipedia,73002553,Bloodhounds_(TV_series),Q109767798,188,2026-09-10
Singapore,SG,en.wikipedia,83488921,A_Bona_Fide_Killer,Q139411314,158,2026-09-10
Japan,JP,en.wikipedia,82003107,Agent_Kim_Reactivated,Q139553270,168,2026-09-10
United States,US,en.wikipedia,83488921,A_Bona_Fide_Killer,Q139411314,395,2026-09-10
India,IN,en.wikipedia,81854574,The_Legend_of_Kitchen_Soldier,Q137410939,105,2026-09-10
Japan,JP,en.wikipedia,82034667,"Four_Hands,_Two_Sonatas",Q137271520,92,2026-09-10
India,IN,en.wikipedia,82003107,Agent_Kim_Reactivated,Q139553270,284,2026-09-10
Canada,CA,en.wikipedia,82034667,"Four_Hands,_Two_Sonatas",Q137271520,109,2026-09-10
Singapore,SG,en.wikipedia,79560156,Teach_You_a_Lesson,Q137844128,115,2026-09-11
Indonesia,ID,id.wikipedia,4750411,A_Bona_Fide_Killer,Q139411314,456,2026-09-11
United States,US,en.wikipedia,79560156,Teach_You_a_Lesson,Q137844128,487,2026-09-11
India,IN,en.wikipedia,82034667,"Four_Hands,_Two_Sonatas",Q137271520,205,2026-09-11
Nigeria,NG,en.wikipedia,83488921,A_Bona_Fide_Killer,Q139411314,134,2026-09-11
Malaysia,MY,en.wikipedia,82034667,"Four_Hands,_Two_Sonatas",Q137271520,92,2026-09-11
India,IN,en.wikipedia,78258360,The_Wonderfools,Q130748503,129,2026-09-11
India,IN,en.wikipedia,79560156,Teach_You_a_Lesson,Q137844128,335,2026-09-11
United Kingdom,GB,en.wikipedia,82034667,"Four_Hands,_Two_Sonatas",Q137271520,92,2026-09-11
Philippines,PH,en.wikipedia,82003107,Agent_Kim_Reactivated,Q139553270,184,2026-09-11
Philippines,PH,en.wikipedia,82034667,"Four_Hands,_Two_Sonatas",Q137271520,310,2026-09-11
Philippines,PH,en.wikipedia,83488921,A_Bona_Fide_Killer,Q139411314,628,2026-09-11
Philippines,PH,en.wikipedia,79560156,Teach_You_a_Lesson,Q137844128,166,2026-09-11
Indonesia,ID,id.wikipedia,4694064,"Four_Hands,_Two_Sonatas",Q137271520,281,2026-09-11
Singapore,SG,en.wikipedia,82003107,Agent_Kim_Reactivated,Q139553270,159,2026-09-11
Malaysia,MY,en.wikipedia,82003107,Agent_Kim_Reactivated,Q139553270,101,2026-09-11
United States,US,en.wikipedia,82003107,Agent_Kim_Reactivated,Q139553270,404,2026-09-11
United Kingdom,GB,en.wikipedia,82003107,Agent_Kim_Reactivated,Q139553270,102,2026-09-11
France,FR,fr.wikipedia,17514844,Agent_Kim_Reactivated,Q139553270,106,2026-09-11
Canada,CA,en.wikipedia,82003107,Agent_Kim_Reactivated,Q139553270,118,2026-09-11
Indonesia,ID,id.wikipedia,4680537,Teach_You_a_Lesson,Q137844128,167,2026-09-11
Indonesia,ID,en.wikipedia,83488921,A_Bona_Fide_Killer,Q139411314,178,2026-09-11
Indonesia,ID,id.wikipedia,4737177,Agent_Kim_Reactivated,Q139553270,179,2026-09-11
United States,US,en.wikipedia,78258360,The_Wonderfools,Q130748503,261,2026-09-11
United States,US,en.wikipedia,75697706,A_Shop_for_Killers,Q123999260,202,2026-09-11
Philippines,PH,en.wikipedia,75697706,A_Shop_for_Killers,Q123999260,138,2026-09-11
United States,US,en.wikipedia,82034667,"Four_Hands,_Two_Sonatas",Q137271520,488,2026-09-11
India,IN,en.wikipedia,83488921,A_Bona_Fide_Killer,Q139411314,378,2026-09-11
United States,US,en.wikipedia,82159028,We_Are_All_Trying_Here,Q137843064,109,2026-09-11
India,IN,en.wikipedia,75697706,A_Shop_for_Killers,Q123999260,141,2026-09-11
Malaysia,MY,en.wikipedia,79560156,Teach_You_a_Lesson,Q137844128,151,2026-09-11
Canada,CA,en.wikipedia,83488921,A_Bona_Fide_Killer,Q139411314,98,2026-09-11
Malaysia,MY,en.wikipedia,83488921,A_Bona_Fide_Killer,Q139411314,353,2026-09-11
Australia,AU,en.wikipedia,83488921,A_Bona_Fide_Killer,Q139411314,119,2026-09-11
United States,US,en.wikipedia,73002553,Bloodhounds_(TV_series),Q109767798,146,2026-09-11
Singapore,SG,en.wikipedia,83488921,A_Bona_Fide_Killer,Q139411314,323,2026-09-11
Japan,JP,en.wikipedia,82003107,Agent_Kim_Reactivated,Q139553270,182,2026-09-11
United States,US,en.wikipedia,83488921,A_Bona_Fide_Killer,Q139411314,551,2026-09-11
France,FR,en.wikipedia,83488921,A_Bona_Fide_Killer,Q139411314,97,2026-09-11
India,IN,en.wikipedia,81854574,The_Legend_of_Kitchen_Soldier,Q137410939,92,2026-09-11
India,IN,en.wikipedia,73002553,Bloodhounds_(TV_series),Q109767798,104,2026-09-11
India,IN,en.wikipedia,82003107,Agent_Kim_Reactivated,Q139553270,301,2026-09-11
Malaysia,MY,en.wikipedia,75697706,A_Shop_for_Killers,Q123999260,114,2026-09-12
Singapore,SG,en.wikipedia,79560156,Teach_You_a_Lesson,Q137844128,130,2026-09-12
Germany,DE,de.wikipedia,13931524,"Four_Hands,_Two_Sonatas",Q137271520,165,2026-09-12
Indonesia,ID,id.wikipedia,4750411,A_Bona_Fide_Killer,Q139411314,631,2026-09-12
United States,US,en.wikipedia,79560156,Teach_You_a_Lesson,Q137844128,529,2026-09-12
India,IN,en.wikipedia,82034667,"Four_Hands,_Two_Sonatas",Q137271520,366,2026-09-12
Nigeria,NG,en.wikipedia,83488921,A_Bona_Fide_Killer,Q139411314,136,2026-09-12
Malaysia,MY,en.wikipedia,82034667,"Four_Hands,_Two_Sonatas",Q137271520,162,2026-09-12
India,IN,en.wikipedia,78258360,The_Wonderfools,Q130748503,134,2026-09-12
United Kingdom,GB,en.wikipedia,79560156,Teach_You_a_Lesson,Q137844128,116,2026-09-12
India,IN,en.wikipedia,79560156,Teach_You_a_Lesson,Q137844128,366,2026-09-12
United Kingdom,GB,en.wikipedia,82034667,"Four_Hands,_Two_Sonatas",Q137271520,164,2026-09-12
Philippines,PH,en.wikipedia,82003107,Agent_Kim_Reactivated,Q139553270,213,2026-09-12
France,FR,fr.wikipedia,17588331,"Four_Hands,_Two_Sonatas",Q137271520,131,2026-09-12
United Kingdom,GB,en.wikipedia,83488921,A_Bona_Fide_Killer,Q139411314,180,2026-09-12
Australia,AU,en.wikipedia,82003107,Agent_Kim_Reactivated,Q139553270,99,2026-09-12
Philippines,PH,en.wikipedia,82034667,"Four_Hands,_Two_Sonatas",Q137271520,362,2026-09-12
Indonesia,ID,en.wikipedia,79560156,Teach_You_a_Lesson,Q137844128,108,2026-09-12
Philippines,PH,en.wikipedia,83488921,A_Bona_Fide_Killer,Q139411314,1175,2026-09-12
Philippines,PH,en.wikipedia,79560156,Teach_You_a_Lesson,Q137844128,197,2026-09-12
Indonesia,ID,id.wikipedia,4694064,"Four_Hands,_Two_Sonatas",Q137271520,260,2026-09-12
Singapore,SG,en.wikipedia,82003107,Agent_Kim_Reactivated,Q139553270,152,2026-09-12
Malaysia,MY,en.wikipedia,82003107,Agent_Kim_Reactivated,Q139553270,147,2026-09-12
United States,US,en.wikipedia,82003107,Agent_Kim_Reactivated,Q139553270,441,2026-09-12
Italy,IT,en.wikipedia,82034667,"Four_Hands,_Two_Sonatas",Q137271520,113,2026-09-12
United Kingdom,GB,en.wikipedia,82003107,Agent_Kim_Reactivated,Q139553270,117,2026-09-12
Germany,DE,en.wikipedia,83488921,A_Bona_Fide_Killer,Q139411314,115,2026-09-12
France,FR,fr.wikipedia,17514844,Agent_Kim_Reactivated,Q139553270,97,2026-09-12
Canada,CA,en.wikipedia,82003107,Agent_Kim_Reactivated,Q139553270,167,2026-09-12
Indonesia,ID,id.wikipedia,4680537,Teach_You_a_Lesson,Q137844128,188,2026-09-12
Indonesia,ID,en.wikipedia,83488921,A_Bona_Fide_Killer,Q139411314,398,2026-09-12
Indonesia,ID,id.wikipedia,4737177,Agent_Kim_Reactivated,Q139553270,184,2026-09-12
United States,US,en.wikipedia,78258360,The_Wonderfools,Q130748503,302,2026-09-12
United States,US,en.wikipedia,75697706,A_Shop_for_Killers,Q123999260,230,2026-09-12
Philippines,PH,en.wikipedia,75697706,A_Shop_for_Killers,Q123999260,147,2026-09-12
Thailand,TH,en.wikipedia,83488921,A_Bona_Fide_Killer,Q139411314,139,2026-09-12
Germany,DE,en.wikipedia,79560156,Teach_You_a_Lesson,Q137844128,100,2026-09-12
United States,US,en.wikipedia,82034667,"Four_Hands,_Two_Sonatas",Q137271520,809,2026-09-12
India,IN,en.wikipedia,83488921,A_Bona_Fide_Killer,Q139411314,524,2026-09-12
United States,US,en.wikipedia,82159028,We_Are_All_Trying_Here,Q137843064,121,2026-09-12
India,IN,en.wikipedia,75697706,A_Shop_for_Killers,Q123999260,218,2026-09-12
Brazil,BR,en.wikipedia,82034667,"Four_Hands,_Two_Sonatas",Q137271520,162,2026-09-12
Malaysia,MY,en.wikipedia,79560156,Teach_You_a_Lesson,Q137844128,90,2026-09-12
Singapore,SG,en.wikipedia,75697706,A_Shop_for_Killers,Q123999260,116,2026-09-12
Canada,CA,en.wikipedia,83488921,A_Bona_Fide_Killer,Q139411314,197,2026-09-12
Malaysia,MY,en.wikipedia,83488921,A_Bona_Fide_Killer,Q139411314,650,2026-09-12
Australia,AU,en.wikipedia,83488921,A_Bona_Fide_Killer,Q139411314,134,2026-09-12
United States,US,en.wikipedia,73002553,Bloodhounds_(TV_series),Q109767798,177,2026-09-12
Japan,JP,en.wikipedia,75697706,A_Shop_for_Killers,Q123999260,143,2026-09-12
Singapore,SG,en.wikipedia,83488921,A_Bona_Fide_Killer,Q139411314,469,2026-09-12
Japan,JP,en.wikipedia,82003107,Agent_Kim_Reactivated,Q139553270,227,2026-09-12
United States,US,en.wikipedia,83488921,A_Bona_Fide_Killer,Q139411314,986,2026-09-12
France,FR,en.wikipedia,83488921,A_Bona_Fide_Killer,Q139411314,116,2026-09-12
India,IN,en.wikipedia,81854574,The_Legend_of_Kitchen_Soldier,Q137410939,97,2026-09-12
Japan,JP,en.wikipedia,82034667,"Four_Hands,_Two_Sonatas",Q137271520,94,2026-09-12
India,IN,en.wikipedia,73002553,Bloodhounds_(TV_series),Q109767798,119,2026-09-12
India,IN,en.wikipedia,82003107,Agent_Kim_Reactivated,Q139553270,342,2026-09-12
Canada,CA,en.wikipedia,82034667,"Four_Hands,_Two_Sonatas",Q137271520,126,2026-09-12
Malaysia,MY,en.wikipedia,75697706,A_Shop_for_Killers,Q123999260,102,2026-09-13
Singapore,SG,en.wikipedia,79560156,Teach_You_a_Lesson,Q137844128,172,2026-09-13
Germany,DE,de.wikipedia,13931524,"Four_Hands,_Two_Sonatas",Q137271520,260,2026-09-13
Indonesia,ID,id.wikipedia,4750411,A_Bona_Fide_Killer,Q139411314,589,2026-09-13
United States,US,en.wikipedia,79560156,Teach_You_a_Lesson,Q137844128,558,2026-09-13
India,IN,en.wikipedia,82034667,"Four_Hands,_Two_Sonatas",Q137271520,931,2026-09-13
Malaysia,MY,en.wikipedia,82034667,"Four_Hands,_Two_Sonatas",Q137271520,336,2026-09-13
India,IN,en.wikipedia,78258360,The_Wonderfools,Q130748503,137,2026-09-13
United Kingdom,GB,en.wikipedia,79560156,Teach_You_a_Lesson,Q137844128,137,2026-09-13
India,IN,en.wikipedia,79560156,Teach_You_a_Lesson,Q137844128,428,2026-09-13
United Kingdom,GB,en.wikipedia,82034667,"Four_Hands,_Two_Sonatas",Q137271520,367,2026-09-13
Philippines,PH,en.wikipedia,82003107,Agent_Kim_Reactivated,Q139553270,217,2026-09-13
France,FR,fr.wikipedia,17588331,"Four_Hands,_Two_Sonatas",Q137271520,210,2026-09-13
United Kingdom,GB,en.wikipedia,83488921,A_Bona_Fide_Killer,Q139411314,184,2026-09-13
Australia,AU,en.wikipedia,82003107,Agent_Kim_Reactivated,Q139553270,117,2026-09-13
Philippines,PH,en.wikipedia,82034667,"Four_Hands,_Two_Sonatas",Q137271520,651,2026-09-13
Indonesia,ID,en.wikipedia,79560156,Teach_You_a_Lesson,Q137844128,101,2026-09-13
Philippines,PH,en.wikipedia,83488921,A_Bona_Fide_Killer,Q139411314,1328,2026-09-13
Philippines,PH,en.wikipedia,79560156,Teach_You_a_Lesson,Q137844128,187,2026-09-13
Indonesia,ID,id.wikipedia,4694064,"Four_Hands,_Two_Sonatas",Q137271520,432,2026-09-13
Singapore,SG,en.wikipedia,82003107,Agent_Kim_Reactivated,Q139553270,159,2026-09-13
Malaysia,MY,en.wikipedia,82003107,Agent_Kim_Reactivated,Q139553270,119,2026-09-13
United States,US,en.wikipedia,82003107,Agent_Kim_Reactivated,Q139553270,623,2026-09-13
United States,US,en.wikipedia,81854574,The_Legend_of_Kitchen_Soldier,Q137410939,122,2026-09-13
Italy,IT,en.wikipedia,82034667,"Four_Hands,_Two_Sonatas",Q137271520,181,2026-09-13
Canada,CA,en.wikipedia,79560156,Teach_You_a_Lesson,Q137844128,142,2026-09-13
Germany,DE,en.wikipedia,83488921,A_Bona_Fide_Killer,Q139411314,101,2026-09-13
France,FR,fr.wikipedia,17514844,Agent_Kim_Reactivated,Q139553270,155,2026-09-13
Canada,CA,en.wikipedia,82003107,Agent_Kim_Reactivated,Q139553270,105,2026-09-13
Indonesia,ID,id.wikipedia,4680537,Teach_You_a_Lesson,Q137844128,111,2026-09-13
Indonesia,ID,en.wikipedia,83488921,A_Bona_Fide_Killer,Q139411314,423,2026-09-13
Indonesia,ID,id.wikipedia,4737177,Agent_Kim_Reactivated,Q139553270,226,2026-09-13
United States,US,en.wikipedia,78258360,The_Wonderfools,Q130748503,472,2026-09-13
Germany,DE,en.wikipedia,82034667,"Four_Hands,_Two_Sonatas",Q137271520,153,2026-09-13
Romania,RO,en.wikipedia,82034667,"Four_Hands,_Two_Sonatas",Q137271520,143,2026-09-13
United States,US,en.wikipedia,75697706,A_Shop_for_Killers,Q123999260,253,2026-09-13
Philippines,PH,en.wikipedia,75697706,A_Shop_for_Killers,Q123999260,173,2026-09-13
Thailand,TH,en.wikipedia,83488921,A_Bona_Fide_Killer,Q139411314,207,2026-09-13
United States,US,en.wikipedia,82034667,"Four_Hands,_Two_Sonatas",Q137271520,1462,2026-09-13
India,IN,en.wikipedia,83488921,A_Bona_Fide_Killer,Q139411314,498,2026-09-13
United States,US,en.wikipedia,82159028,We_Are_All_Trying_Here,Q137843064,130,2026-09-13
India,IN,en.wikipedia,75697706,A_Shop_for_Killers,Q123999260,245,2026-09-13
Brazil,BR,en.wikipedia,82034667,"Four_Hands,_Two_Sonatas",Q137271520,231,2026-09-13
Indonesia,ID,en.wikipedia,82034667,"Four_Hands,_Two_Sonatas",Q137271520,224,2026-09-13
Malaysia,MY,en.wikipedia,79560156,Teach_You_a_Lesson,Q137844128,125,2026-09-13
Singapore,SG,en.wikipedia,75697706,A_Shop_for_Killers,Q123999260,156,2026-09-13
Canada,CA,en.wikipedia,83488921,A_Bona_Fide_Killer,Q139411314,246,2026-09-13
Malaysia,MY,en.wikipedia,83488921,A_Bona_Fide_Killer,Q139411314,624,2026-09-13
Australia,AU,en.wikipedia,83488921,A_Bona_Fide_Killer,Q139411314,222,2026-09-13
United States,US,en.wikipedia,73002553,Bloodhounds_(TV_series),Q109767798,161,2026-09-13
Thailand,TH,en.wikipedia,82034667,"Four_Hands,_Two_Sonatas",Q137271520,95,2026-09-13
Singapore,SG,en.wikipedia,83488921,A_Bona_Fide_Killer,Q139411314,581,2026-09-13
Japan,JP,en.wikipedia,82003107,Agent_Kim_Reactivated,Q139553270,192,2026-09-13
Canada,CA,en.wikipedia,78258360,The_Wonderfools,Q130748503,118,2026-09-13
United States,US,en.wikipedia,83488921,A_Bona_Fide_Killer,Q139411314,1074,2026-09-13
Germany,DE,de.wikipedia,13892974,Agent_Kim_Reactivated,Q139553270,113,2026-09-13
France,FR,en.wikipedia,83488921,A_Bona_Fide_Killer,Q139411314,124,2026-09-13
India,IN,en.wikipedia,81854574,The_Legend_of_Kitchen_Soldier,Q137410939,95,2026-09-13
Japan,JP,en.wikipedia,82034667,"Four_Hands,_Two_Sonatas",Q137271520,228,2026-09-13
India,IN,en.wikipedia,73002553,Bloodhounds_(TV_series),Q109767798,133,2026-09-13
Australia,AU,en.wikipedia,82034667,"Four_Hands,_Two_Sonatas",Q137271520,235,2026-09-13
India,IN,en.wikipedia,82003107,Agent_Kim_Reactivated,Q139553270,375,2026-09-13
Canada,CA,en.wikipedia,82034667,"Four_Hands,_Two_Sonatas",Q137271520,345,2026-09-13
Poland,PL,en.wikipedia,82034667,"Four_Hands,_Two_Sonatas",Q137271520,93,2026-09-13
Singapore,SG,en.wikipedia,79560156,Teach_You_a_Lesson,Q137844128,114,2026-09-14
Germany,DE,de.wikipedia,13931524,"Four_Hands,_Two_Sonatas",Q137271520,188,2026-09-14
Indonesia,ID,id.wikipedia,4750411,A_Bona_Fide_Killer,Q139411314,400,2026-09-14
United States,US,en.wikipedia,79560156,Teach_You_a_Lesson,Q137844128,475,2026-09-14
India,IN,en.wikipedia,82034667,"Four_Hands,_Two_Sonatas",Q137271520,902,2026-09-14
Australia,AU,en.wikipedia,79560156,Teach_You_a_Lesson,Q137844128,118,2026-09-14
Malaysia,MY,en.wikipedia,82034667,"Four_Hands,_Two_Sonatas",Q137271520,342,2026-09-14
India,IN,en.wikipedia,78258360,The_Wonderfools,Q130748503,194,2026-09-14
United Kingdom,GB,en.wikipedia,79560156,Teach_You_a_Lesson,Q137844128,97,2026-09-14
India,IN,en.wikipedia,79560156,Teach_You_a_Lesson,Q137844128,308,2026-09-14
United Kingdom,GB,en.wikipedia,82034667,"Four_Hands,_Two_Sonatas",Q137271520,172,2026-09-14
Philippines,PH,en.wikipedia,82003107,Agent_Kim_Reactivated,Q139553270,144,2026-09-14
France,FR,fr.wikipedia,17588331,"Four_Hands,_Two_Sonatas",Q137271520,163,2026-09-14
United Kingdom,GB,en.wikipedia,83488921,A_Bona_Fide_Killer,Q139411314,91,2026-09-14
Australia,AU,en.wikipedia,82003107,Agent_Kim_Reactivated,Q139553270,92,2026-09-14
Philippines,PH,en.wikipedia,82034667,"Four_Hands,_Two_Sonatas",Q137271520,642,2026-09-14
Philippines,PH,en.wikipedia,83488921,A_Bona_Fide_Killer,Q139411314,745,2026-09-14
Philippines,PH,en.wikipedia,79560156,Teach_You_a_Lesson,Q137844128,168,2026-09-14
Indonesia,ID,id.wikipedia,4694064,"Four_Hands,_Two_Sonatas",Q137271520,462,2026-09-14
Singapore,SG,en.wikipedia,82003107,Agent_Kim_Reactivated,Q139553270,99,2026-09-14
Malaysia,MY,en.wikipedia,82003107,Agent_Kim_Reactivated,Q139553270,98,2026-09-14
United States,US,en.wikipedia,82003107,Agent_Kim_Reactivated,Q139553270,552,2026-09-14
United States,US,en.wikipedia,81854574,The_Legend_of_Kitchen_Soldier,Q137410939,99,2026-09-14
Italy,IT,en.wikipedia,82034667,"Four_Hands,_Two_Sonatas",Q137271520,131,2026-09-14
Canada,CA,en.wikipedia,79560156,Teach_You_a_Lesson,Q137844128,135,2026-09-14
United Kingdom,GB,en.wikipedia,82003107,Agent_Kim_Reactivated,Q139553270,99,2026-09-14
France,FR,fr.wikipedia,17514844,Agent_Kim_Reactivated,Q139553270,175,2026-09-14
Canada,CA,en.wikipedia,82003107,Agent_Kim_Reactivated,Q139553270,118,2026-09-14
Indonesia,ID,id.wikipedia,4680537,Teach_You_a_Lesson,Q137844128,130,2026-09-14
Indonesia,ID,en.wikipedia,83488921,A_Bona_Fide_Killer,Q139411314,202,2026-09-14
Indonesia,ID,id.wikipedia,4737177,Agent_Kim_Reactivated,Q139553270,153,2026-09-14
United States,US,en.wikipedia,78258360,The_Wonderfools,Q130748503,442,2026-09-14
Germany,DE,en.wikipedia,82034667,"Four_Hands,_Two_Sonatas",Q137271520,124,2026-09-14
Romania,RO,en.wikipedia,82034667,"Four_Hands,_Two_Sonatas",Q137271520,191,2026-09-14
United States,US,en.wikipedia,75697706,A_Shop_for_Killers,Q123999260,154,2026-09-14
Philippines,PH,en.wikipedia,75697706,A_Shop_for_Killers,Q123999260,167,2026-09-14
United States,US,en.wikipedia,82034667,"Four_Hands,_Two_Sonatas",Q137271520,1328,2026-09-14
India,IN,en.wikipedia,83488921,A_Bona_Fide_Killer,Q139411314,307,2026-09-14
United States,US,en.wikipedia,82159028,We_Are_All_Trying_Here,Q137843064,139,2026-09-14
India,IN,en.wikipedia,75697706,A_Shop_for_Killers,Q123999260,151,2026-09-14
Brazil,BR,en.wikipedia,82034667,"Four_Hands,_Two_Sonatas",Q137271520,197,2026-09-14
Indonesia,ID,en.wikipedia,82034667,"Four_Hands,_Two_Sonatas",Q137271520,198,2026-09-14
Malaysia,MY,en.wikipedia,79560156,Teach_You_a_Lesson,Q137844128,101,2026-09-14
Canada,CA,en.wikipedia,83488921,A_Bona_Fide_Killer,Q139411314,176,2026-09-14
Malaysia,MY,en.wikipedia,83488921,A_Bona_Fide_Killer,Q139411314,399,2026-09-14
Australia,AU,en.wikipedia,83488921,A_Bona_Fide_Killer,Q139411314,143,2026-09-14
United States,US,en.wikipedia,73002553,Bloodhounds_(TV_series),Q109767798,175,2026-09-14
Thailand,TH,en.wikipedia,82034667,"Four_Hands,_Two_Sonatas",Q137271520,97,2026-09-14
Singapore,SG,en.wikipedia,83488921,A_Bona_Fide_Killer,Q139411314,359,2026-09-14
Japan,JP,en.wikipedia,82003107,Agent_Kim_Reactivated,Q139553270,159,2026-09-14
United States,US,en.wikipedia,83488921,A_Bona_Fide_Killer,Q139411314,711,2026-09-14
Japan,JP,en.wikipedia,82034667,"Four_Hands,_Two_Sonatas",Q137271520,185,2026-09-14
India,IN,en.wikipedia,73002553,Bloodhounds_(TV_series),Q109767798,101,2026-09-14
Australia,AU,en.wikipedia,82034667,"Four_Hands,_Two_Sonatas",Q137271520,242,2026-09-14
India,IN,en.wikipedia,82003107,Agent_Kim_Reactivated,Q139553270,240,2026-09-14
Canada,CA,en.wikipedia,82034667,"Four_Hands,_Two_Sonatas",Q137271520,297,2026-09-14
Malaysia,MY,en.wikipedia,75697706,A_Shop_for_Killers,Q123999260,93,2026-09-15
Singapore,SG,en.wikipedia,79560156,Teach_You_a_Lesson,Q137844128,103,2026-09-15
Germany,DE,de.wikipedia,13931524,"Four_Hands,_Two_Sonatas",Q137271520,137,2026-09-15
Indonesia,ID,id.wikipedia,4750411,A_Bona_Fide_Killer,Q139411314,332,2026-09-15
United States,US,en.wikipedia,79560156,Teach_You_a_Lesson,Q137844128,449,2026-09-15
India,IN,en.wikipedia,82034667,"Four_Hands,_Two_Sonatas",Q137271520,509,2026-09-15
Australia,AU,en.wikipedia,79560156,Teach_You_a_Lesson,Q137844128,119,2026-09-15
Malaysia,MY,en.wikipedia,82034667,"Four_Hands,_Two_Sonatas",Q137271520,186,2026-09-15
India,IN,en.wikipedia,78258360,The_Wonderfools,Q130748503,155,2026-09-15
United Kingdom,GB,en.wikipedia,79560156,Teach_You_a_Lesson,Q137844128,92,2026-09-15
India,IN,en.wikipedia,79560156,Teach_You_a_Lesson,Q137844128,324,2026-09-15
United Kingdom,GB,en.wikipedia,82034667,"Four_Hands,_Two_Sonatas",Q137271520,156,2026-09-15
Philippines,PH,en.wikipedia,82003107,Agent_Kim_Reactivated,Q139553270,179,2026-09-15
France,FR,fr.wikipedia,17588331,"Four_Hands,_Two_Sonatas",Q137271520,107,2026-09-15
Philippines,PH,en.wikipedia,82034667,"Four_Hands,_Two_Sonatas",Q137271520,420,2026-09-15
Indonesia,ID,en.wikipedia,79560156,Teach_You_a_Lesson,Q137844128,97,2026-09-15
Philippines,PH,en.wikipedia,83488921,A_Bona_Fide_Killer,Q139411314,474,2026-09-15
Philippines,PH,en.wikipedia,79560156,Teach_You_a_Lesson,Q137844128,186,2026-09-15
Indonesia,ID,id.wikipedia,4694064,"Four_Hands,_Two_Sonatas",Q137271520,355,2026-09-15
Singapore,SG,en.wikipedia,82003107,Agent_Kim_Reactivated,Q139553270,99,2026-09-15
Malaysia,MY,en.wikipedia,82003107,Agent_Kim_Reactivated,Q139553270,120,2026-09-15
United States,US,en.wikipedia,82003107,Agent_Kim_Reactivated,Q139553270,457,2026-09-15
United States,US,en.wikipedia,81854574,The_Legend_of_Kitchen_Soldier,Q137410939,103,2026-09-15
Italy,IT,en.wikipedia,82034667,"Four_Hands,_Two_Sonatas",Q137271520,140,2026-09-15
France,FR,fr.wikipedia,17514844,Agent_Kim_Reactivated,Q139553270,101,2026-09-15
Indonesia,ID,en.wikipedia,82003107,Agent_Kim_Reactivated,Q139553270,104,2026-09-15
Indonesia,ID,id.wikipedia,4680537,Teach_You_a_Lesson,Q137844128,141,2026-09-15
Indonesia,ID,en.wikipedia,83488921,A_Bona_Fide_Killer,Q139411314,183,2026-09-15
Indonesia,ID,id.wikipedia,4737177,Agent_Kim_Reactivated,Q139553270,154,2026-09-15
United States,US,en.wikipedia,78258360,The_Wonderfools,Q130748503,350,2026-09-15
United States,US,en.wikipedia,75697706,A_Shop_for_Killers,Q123999260,198,2026-09-15
Philippines,PH,en.wikipedia,75697706,A_Shop_for_Killers,Q123999260,119,2026-09-15
United States,US,en.wikipedia,82034667,"Four_Hands,_Two_Sonatas",Q137271520,817,2026-09-15
India,IN,en.wikipedia,83488921,A_Bona_Fide_Killer,Q139411314,249,2026-09-15
United States,US,en.wikipedia,82159028,We_Are_All_Trying_Here,Q137843064,139,2026-09-15
India,IN,en.wikipedia,75697706,A_Shop_for_Killers,Q123999260,170,2026-09-15
Brazil,BR,en.wikipedia,82034667,"Four_Hands,_Two_Sonatas",Q137271520,153,2026-09-15
Indonesia,ID,en.wikipedia,82034667,"Four_Hands,_Two_Sonatas",Q137271520,164,2026-09-15
Canada,CA,en.wikipedia,83488921,A_Bona_Fide_Killer,Q139411314,118,2026-09-15
Malaysia,MY,en.wikipedia,83488921,A_Bona_Fide_Killer,Q139411314,280,2026-09-15
United States,US,en.wikipedia,73002553,Bloodhounds_(TV_series),Q109767798,266,2026-09-15
Singapore,SG,en.wikipedia,83488921,A_Bona_Fide_Killer,Q139411314,181,2026-09-15
Japan,JP,en.wikipedia,82003107,Agent_Kim_Reactivated,Q139553270,185,2026-09-15
United States,US,en.wikipedia,83488921,A_Bona_Fide_Killer,Q139411314,468,2026-09-15
India,IN,en.wikipedia,81854574,The_Legend_of_Kitchen_Soldier,Q137410939,104,2026-09-15
Japan,JP,en.wikipedia,82034667,"Four_Hands,_Two_Sonatas",Q137271520,138,2026-09-15
Australia,AU,en.wikipedia,82034667,"Four_Hands,_Two_Sonatas",Q137271520,110,2026-09-15
India,IN,en.wikipedia,82003107,Agent_Kim_Reactivated,Q139553270,287,2026-09-15
Canada,CA,en.wikipedia,82034667,"Four_Hands,_Two_Sonatas",Q137271520,209,2026-09-15
Singapore,SG,en.wikipedia,79560156,Teach_You_a_Lesson,Q137844128,102,2026-09-16
Indonesia,ID,id.wikipedia,4750411,A_Bona_Fide_Killer,Q139411314,352,2026-09-16
United States,US,en.wikipedia,79560156,Teach_You_a_Lesson,Q137844128,516,2026-09-16
India,IN,en.wikipedia,82034667,"Four_Hands,_Two_Sonatas",Q137271520,343,2026-09-16
Malaysia,MY,en.wikipedia,82034667,"Four_Hands,_Two_Sonatas",Q137271520,185,2026-09-16
India,IN,en.wikipedia,78258360,The_Wonderfools,Q130748503,119,2026-09-16
India,IN,en.wikipedia,79560156,Teach_You_a_Lesson,Q137844128,342,2026-09-16
United Kingdom,GB,en.wikipedia,82034667,"Four_Hands,_Two_Sonatas",Q137271520,172,2026-09-16
Philippines,PH,en.wikipedia,82003107,Agent_Kim_Reactivated,Q139553270,139,2026-09-16
Australia,AU,en.wikipedia,82003107,Agent_Kim_Reactivated,Q139553270,109,2026-09-16
Philippines,PH,en.wikipedia,82034667,"Four_Hands,_Two_Sonatas",Q137271520,307,2026-09-16
Indonesia,ID,en.wikipedia,79560156,Teach_You_a_Lesson,Q137844128,114,2026-09-16
Philippines,PH,en.wikipedia,83488921,A_Bona_Fide_Killer,Q139411314,322,2026-09-16
Philippines,PH,en.wikipedia,79560156,Teach_You_a_Lesson,Q137844128,131,2026-09-16
Indonesia,ID,id.wikipedia,4694064,"Four_Hands,_Two_Sonatas",Q137271520,326,2026-09-16
Malaysia,MY,en.wikipedia,82003107,Agent_Kim_Reactivated,Q139553270,115,2026-09-16
United States,US,en.wikipedia,82003107,Agent_Kim_Reactivated,Q139553270,441,2026-09-16
Italy,IT,en.wikipedia,82034667,"Four_Hands,_Two_Sonatas",Q137271520,100,2026-09-16
France,FR,fr.wikipedia,17514844,Agent_Kim_Reactivated,Q139553270,122,2026-09-16
Canada,CA,en.wikipedia,82003107,Agent_Kim_Reactivated,Q139553270,114,2026-09-16
Indonesia,ID,id.wikipedia,4680537,Teach_You_a_Lesson,Q137844128,152,2026-09-16
Indonesia,ID,en.wikipedia,83488921,A_Bona_Fide_Killer,Q139411314,167,2026-09-16
Indonesia,ID,id.wikipedia,4737177,Agent_Kim_Reactivated,Q139553270,150,2026-09-16
United States,US,en.wikipedia,78258360,The_Wonderfools,Q130748503,329,2026-09-16
United States,US,en.wikipedia,75697706,A_Shop_for_Killers,Q123999260,189,2026-09-16
United States,US,en.wikipedia,82034667,"Four_Hands,_Two_Sonatas",Q137271520,779,2026-09-16
India,IN,en.wikipedia,83488921,A_Bona_Fide_Killer,Q139411314,193,2026-09-16
India,IN,en.wikipedia,75697706,A_Shop_for_Killers,Q123999260,144,2026-09-16
Brazil,BR,en.wikipedia,82034667,"Four_Hands,_Two_Sonatas",Q137271520,114,2026-09-16
Indonesia,ID,en.wikipedia,82034667,"Four_Hands,_Two_Sonatas",Q137271520,127,2026-09-16
Malaysia,MY,en.wikipedia,79560156,Teach_You_a_Lesson,Q137844128,124,2026-09-16
Canada,CA,en.wikipedia,83488921,A_Bona_Fide_Killer,Q139411314,94,2026-09-16
Malaysia,MY,en.wikipedia,83488921,A_Bona_Fide_Killer,Q139411314,179,2026-09-16
United States,US,en.wikipedia,73002553,Bloodhounds_(TV_series),Q109767798,197,2026-09-16
Singapore,SG,en.wikipedia,83488921,A_Bona_Fide_Killer,Q139411314,160,2026-09-16
Japan,JP,en.wikipedia,82003107,Agent_Kim_Reactivated,Q139553270,220,2026-09-16
United States,US,en.wikipedia,83488921,A_Bona_Fide_Killer,Q139411314,423,2026-09-16
Japan,JP,en.wikipedia,82034667,"Four_Hands,_Two_Sonatas",Q137271520,122,2026-09-16
India,IN,en.wikipedia,73002553,Bloodhounds_(TV_series),Q109767798,100,2026-09-16
Australia,AU,en.wikipedia,82034667,"Four_Hands,_Two_Sonatas",Q137271520,138,2026-09-16
India,IN,en.wikipedia,82003107,Agent_Kim_Reactivated,Q139553270,281,2026-09-16
Canada,CA,en.wikipedia,82034667,"Four_Hands,_Two_Sonatas",Q137271520,158,2026-09-16
Singapore,SG,en.wikipedia,79560156,Teach_You_a_Lesson,Q137844128,183,2026-09-17
Indonesia,ID,id.wikipedia,4750411,A_Bona_Fide_Killer,Q139411314,258,2026-09-17
United States,US,en.wikipedia,79560156,Teach_You_a_Lesson,Q137844128,444,2026-09-17
India,IN,en.wikipedia,82034667,"Four_Hands,_Two_Sonatas",Q137271520,371,2026-09-17
Malaysia,MY,en.wikipedia,82034667,"Four_Hands,_Two_Sonatas",Q137271520,196,2026-09-17
India,IN,en.wikipedia,78258360,The_Wonderfools,Q130748503,110,2026-09-17
India,IN,en.wikipedia,79560156,Teach_You_a_Lesson,Q137844128,321,2026-09-17
United Kingdom,GB,en.wikipedia,82034667,"Four_Hands,_Two_Sonatas",Q137271520,109,2026-09-17
Philippines,PH,en.wikipedia,82003107,Agent_Kim_Reactivated,Q139553270,100,2026-09-17
Australia,AU,en.wikipedia,82003107,Agent_Kim_Reactivated,Q139553270,112,2026-09-17
Philippines,PH,en.wikipedia,82034667,"Four_Hands,_Two_Sonatas",Q137271520,272,2026-09-17
Indonesia,ID,en.wikipedia,79560156,Teach_You_a_Lesson,Q137844128,124,2026-09-17
Philippines,PH,en.wikipedia,83488921,A_Bona_Fide_Killer,Q139411314,367,2026-09-17
Philippines,PH,en.wikipedia,79560156,Teach_You_a_Lesson,Q137844128,151,2026-09-17
Indonesia,ID,id.wikipedia,4694064,"Four_Hands,_Two_Sonatas",Q137271520,320,2026-09-17
Malaysia,MY,en.wikipedia,82003107,Agent_Kim_Reactivated,Q139553270,129,2026-09-17
United States,US,en.wikipedia,82003107,Agent_Kim_Reactivated,Q139553270,414,2026-09-17
United Kingdom,GB,en.wikipedia,82003107,Agent_Kim_Reactivated,Q139553270,94,2026-09-17
France,FR,fr.wikipedia,17514844,Agent_Kim_Reactivated,Q139553270,122,2026-09-17
Canada,CA,en.wikipedia,82003107,Agent_Kim_Reactivated,Q139553270,93,2026-09-17
Indonesia,ID,id.wikipedia,4680537,Teach_You_a_Lesson,Q137844128,139,2026-09-17
Indonesia,ID,en.wikipedia,83488921,A_Bona_Fide_Killer,Q139411314,103,2026-09-17
Indonesia,ID,id.wikipedia,4737177,Agent_Kim_Reactivated,Q139553270,164,2026-09-17
United States,US,en.wikipedia,78258360,The_Wonderfools,Q130748503,286,2026-09-17
United States,US,en.wikipedia,75697706,A_Shop_for_Killers,Q123999260,158,2026-09-17
Philippines,PH,en.wikipedia,75697706,A_Shop_for_Killers,Q123999260,106,2026-09-17
United States,US,en.wikipedia,82034667,"Four_Hands,_Two_Sonatas",Q137271520,667,2026-09-17
India,IN,en.wikipedia,83488921,A_Bona_Fide_Killer,Q139411314,221,2026-09-17
United States,US,en.wikipedia,82159028,We_Are_All_Trying_Here,Q137843064,92,2026-09-17
India,IN,en.wikipedia,75697706,A_Shop_for_Killers,Q123999260,144,2026-09-17
Brazil,BR,en.wikipedia,82034667,"Four_Hands,_Two_Sonatas",Q137271520,114,2026-09-17
Indonesia,ID,en.wikipedia,82034667,"Four_Hands,_Two_Sonatas",Q137271520,120,2026-09-17
Malaysia,MY,en.wikipedia,79560156,Teach_You_a_Lesson,Q137844128,122,2026-09-17
Malaysia,MY,en.wikipedia,83488921,A_Bona_Fide_Killer,Q139411314,181,2026-09-17
United States,US,en.wikipedia,73002553,Bloodhounds_(TV_series),Q109767798,216,2026-09-17
Singapore,SG,en.wikipedia,83488921,A_Bona_Fide_Killer,Q139411314,142,2026-09-17
Japan,JP,en.wikipedia,82003107,Agent_Kim_Reactivated,Q139553270,190,2026-09-17
United States,US,en.wikipedia,83488921,A_Bona_Fide_Killer,Q139411314,364,2026-09-17
India,IN,en.wikipedia,81854574,The_Legend_of_Kitchen_Soldier,Q137410939,114,2026-09-17
Japan,JP,en.wikipedia,82034667,"Four_Hands,_Two_Sonatas",Q137271520,112,2026-09-17
India,IN,en.wikipedia,73002553,Bloodhounds_(TV_series),Q109767798,115,2026-09-17
Australia,AU,en.wikipedia,82034667,"Four_Hands,_Two_Sonatas",Q137271520,108,2026-09-17
India,IN,en.wikipedia,82003107,Agent_Kim_Reactivated,Q139553270,234,2026-09-17
Canada,CA,en.wikipedia,82034667,"Four_Hands,_Two_Sonatas",Q137271520,105,2026-09-17
Singapore,SG,en.wikipedia,79560156,Teach_You_a_Lesson,Q137844128,117,2026-09-18
Indonesia,ID,id.wikipedia,4750411,A_Bona_Fide_Killer,Q139411314,266,2026-09-18
United States,US,en.wikipedia,79560156,Teach_You_a_Lesson,Q137844128,408,2026-09-18
India,IN,en.wikipedia,82034667,"Four_Hands,_Two_Sonatas",Q137271520,260,2026-09-18
Malaysia,MY,en.wikipedia,82034667,"Four_Hands,_Two_Sonatas",Q137271520,103,2026-09-18
India,IN,en.wikipedia,78258360,The_Wonderfools,Q130748503,108,2026-09-18
United Kingdom,GB,en.wikipedia,79560156,Teach_You_a_Lesson,Q137844128,98,2026-09-18
India,IN,en.wikipedia,79560156,Teach_You_a_Lesson,Q137844128,277,2026-09-18
United Kingdom,GB,en.wikipedia,82034667,"Four_Hands,_Two_Sonatas",Q137271520,96,2026-09-18
Philippines,PH,en.wikipedia,82003107,Agent_Kim_Reactivated,Q139553270,116,2026-09-18
Philippines,PH,en.wikipedia,82034667,"Four_Hands,_Two_Sonatas",Q137271520,194,2026-09-18
Indonesia,ID,en.wikipedia,79560156,Teach_You_a_Lesson,Q137844128,133,2026-09-18
Philippines,PH,en.wikipedia,83488921,A_Bona_Fide_Killer,Q139411314,281,2026-09-18
Philippines,PH,en.wikipedia,79560156,Teach_You_a_Lesson,Q137844128,107,2026-09-18
Indonesia,ID,id.wikipedia,4694064,"Four_Hands,_Two_Sonatas",Q137271520,301,2026-09-18
Singapore,SG,en.wikipedia,82003107,Agent_Kim_Reactivated,Q139553270,133,2026-09-18
Malaysia,MY,en.wikipedia,82003107,Agent_Kim_Reactivated,Q139553270,91,2026-09-18
United States,US,en.wikipedia,82003107,Agent_Kim_Reactivated,Q139553270,433,2026-09-18
Canada,CA,en.wikipedia,79560156,Teach_You_a_Lesson,Q137844128,104,2026-09-18
France,FR,fr.wikipedia,17514844,Agent_Kim_Reactivated,Q139553270,97,2026-09-18
Canada,CA,en.wikipedia,82003107,Agent_Kim_Reactivated,Q139553270,108,2026-09-18
Indonesia,ID,id.wikipedia,4680537,Teach_You_a_Lesson,Q137844128,178,2026-09-18
Indonesia,ID,en.wikipedia,83488921,A_Bona_Fide_Killer,Q139411314,106,2026-09-18
Indonesia,ID,id.wikipedia,4737177,Agent_Kim_Reactivated,Q139553270,138,2026-09-18
United States,US,en.wikipedia,78258360,The_Wonderfools,Q130748503,273,2026-09-18
United Kingdom,GB,en.wikipedia,73002553,Bloodhounds_(TV_series),Q109767798,106,2026-09-18
United States,US,en.wikipedia,75697706,A_Shop_for_Killers,Q123999260,157,2026-09-18
United States,US,en.wikipedia,82034667,"Four_Hands,_Two_Sonatas",Q137271520,594,2026-09-18
India,IN,en.wikipedia,83488921,A_Bona_Fide_Killer,Q139411314,159,2026-09-18
India,IN,en.wikipedia,75697706,A_Shop_for_Killers,Q123999260,134,2026-09-18
Brazil,BR,en.wikipedia,82034667,"Four_Hands,_Two_Sonatas",Q137271520,113,2026-09-18
Malaysia,MY,en.wikipedia,79560156,Teach_You_a_Lesson,Q137844128,105,2026-09-18
Malaysia,MY,en.wikipedia,83488921,A_Bona_Fide_Killer,Q139411314,213,2026-09-18
United States,US,en.wikipedia,73002553,Bloodhounds_(TV_series),Q109767798,212,2026-09-18
Singapore,SG,en.wikipedia,83488921,A_Bona_Fide_Killer,Q139411314,150,2026-09-18
Japan,JP,en.wikipedia,82003107,Agent_Kim_Reactivated,Q139553270,146,2026-09-18
United States,US,en.wikipedia,83488921,A_Bona_Fide_Killer,Q139411314,347,2026-09-18
Germany,DE,de.wikipedia,13892974,Agent_Kim_Reactivated,Q139553270,130,2026-09-18
India,IN,en.wikipedia,82003107,Agent_Kim_Reactivated,Q139553270,211,2026-09-18
Singapore,SG,en.wikipedia,79560156,Teach_You_a_Lesson,Q137844128,95,2026-09-19
Indonesia,ID,id.wikipedia,4750411,A_Bona_Fide_Killer,Q139411314,289,2026-09-19
United States,US,en.wikipedia,79560156,Teach_You_a_Lesson,Q137844128,438,2026-09-19
India,IN,en.wikipedia,82034667,"Four_Hands,_Two_Sonatas",Q137271520,416,2026-09-19
Malaysia,MY,en.wikipedia,82034667,"Four_Hands,_Two_Sonatas",Q137271520,189,2026-09-19
India,IN,en.wikipedia,78258360,The_Wonderfools,Q130748503,122,2026-09-19
United Kingdom,GB,en.wikipedia,79560156,Teach_You_a_Lesson,Q137844128,122,2026-09-19
India,IN,en.wikipedia,79560156,Teach_You_a_Lesson,Q137844128,291,2026-09-19
United Kingdom,GB,en.wikipedia,78258360,The_Wonderfools,Q130748503,100,2026-09-19
United Kingdom,GB,en.wikipedia,82034667,"Four_Hands,_Two_Sonatas",Q137271520,135,2026-09-19
Philippines,PH,en.wikipedia,82003107,Agent_Kim_Reactivated,Q139553270,141,2026-09-19
France,FR,fr.wikipedia,17588331,"Four_Hands,_Two_Sonatas",Q137271520,131,2026-09-19
Australia,AU,en.wikipedia,82003107,Agent_Kim_Reactivated,Q139553270,99,2026-09-19
Philippines,PH,en.wikipedia,82034667,"Four_Hands,_Two_Sonatas",Q137271520,337,2026-09-19
Philippines,PH,en.wikipedia,83488921,A_Bona_Fide_Killer,Q139411314,296,2026-09-19
Philippines,PH,en.wikipedia,79560156,Teach_You_a_Lesson,Q137844128,169,2026-09-19
Indonesia,ID,id.wikipedia,4694064,"Four_Hands,_Two_Sonatas",Q137271520,346,2026-09-19
Singapore,SG,en.wikipedia,82003107,Agent_Kim_Reactivated,Q139553270,135,2026-09-19
Malaysia,MY,en.wikipedia,82003107,Agent_Kim_Reactivated,Q139553270,132,2026-09-19
United States,US,en.wikipedia,82003107,Agent_Kim_Reactivated,Q139553270,447,2026-09-19
Italy,IT,en.wikipedia,82034667,"Four_Hands,_Two_Sonatas",Q137271520,94,2026-09-19
Canada,CA,en.wikipedia,79560156,Teach_You_a_Lesson,Q137844128,113,2026-09-19
France,FR,fr.wikipedia,17514844,Agent_Kim_Reactivated,Q139553270,109,2026-09-19
Canada,CA,en.wikipedia,82003107,Agent_Kim_Reactivated,Q139553270,110,2026-09-19
Indonesia,ID,id.wikipedia,4680537,Teach_You_a_Lesson,Q137844128,147,2026-09-19
Indonesia,ID,en.wikipedia,83488921,A_Bona_Fide_Killer,Q139411314,162,2026-09-19
Indonesia,ID,id.wikipedia,4737177,Agent_Kim_Reactivated,Q139553270,199,2026-09-19
United States,US,en.wikipedia,78258360,The_Wonderfools,Q130748503,346,2026-09-19
United States,US,en.wikipedia,75697706,A_Shop_for_Killers,Q123999260,172,2026-09-19
Philippines,PH,en.wikipedia,75697706,A_Shop_for_Killers,Q123999260,156,2026-09-19
United States,US,en.wikipedia,82034667,"Four_Hands,_Two_Sonatas",Q137271520,803,2026-09-19
India,IN,en.wikipedia,83488921,A_Bona_Fide_Killer,Q139411314,157,2026-09-19
United States,US,en.wikipedia,82159028,We_Are_All_Trying_Here,Q137843064,95,2026-09-19
India,IN,en.wikipedia,75697706,A_Shop_for_Killers,Q123999260,157,2026-09-19
Brazil,BR,en.wikipedia,82034667,"Four_Hands,_Two_Sonatas",Q137271520,179,2026-09-19
Indonesia,ID,en.wikipedia,82034667,"Four_Hands,_Two_Sonatas",Q137271520,141,2026-09-19
Malaysia,MY,en.wikipedia,79560156,Teach_You_a_Lesson,Q137844128,112,2026-09-19
Canada,CA,en.wikipedia,83488921,A_Bona_Fide_Killer,Q139411314,109,2026-09-19
Malaysia,MY,en.wikipedia,83488921,A_Bona_Fide_Killer,Q139411314,149,2026-09-19
United States,US,en.wikipedia,73002553,Bloodhounds_(TV_series),Q109767798,224,2026-09-19
Singapore,SG,en.wikipedia,83488921,A_Bona_Fide_Killer,Q139411314,108,2026-09-19
Japan,JP,en.wikipedia,82003107,Agent_Kim_Reactivated,Q139553270,210,2026-09-19
United States,US,en.wikipedia,83488921,A_Bona_Fide_Killer,Q139411314,285,2026-09-19
Germany,DE,de.wikipedia,13892974,Agent_Kim_Reactivated,Q139553270,102,2026-09-19
India,IN,en.wikipedia,81854574,The_Legend_of_Kitchen_Soldier,Q137410939,104,2026-09-19
Japan,JP,en.wikipedia,82034667,"Four_Hands,_Two_Sonatas",Q137271520,107,2026-09-19
Australia,AU,en.wikipedia,82034667,"Four_Hands,_Two_Sonatas",Q137271520,128,2026-09-19
India,IN,en.wikipedia,82003107,Agent_Kim_Reactivated,Q139553270,274,2026-09-19
Canada,CA,en.wikipedia,82034667,"Four_Hands,_Two_Sonatas",Q137271520,181,2026-09-19
Malaysia,MY,en.wikipedia,75697706,A_Shop_for_Killers,Q123999260,136,2026-09-20
Singapore,SG,en.wikipedia,79560156,Teach_You_a_Lesson,Q137844128,136,2026-09-20
Germany,DE,de.wikipedia,13931524,"Four_Hands,_Two_Sonatas",Q137271520,179,2026-09-20
Indonesia,ID,id.wikipedia,4750411,A_Bona_Fide_Killer,Q139411314,244,2026-09-20
United States,US,en.wikipedia,79560156,Teach_You_a_Lesson,Q137844128,452,2026-09-20
India,IN,en.wikipedia,82034667,"Four_Hands,_Two_Sonatas",Q137271520,652,2026-09-20
Malaysia,MY,en.wikipedia,82034667,"Four_Hands,_Two_Sonatas",Q137271520,335,2026-09-20
India,IN,en.wikipedia,78258360,The_Wonderfools,Q130748503,126,2026-09-20
United Kingdom,GB,en.wikipedia,79560156,Teach_You_a_Lesson,Q137844128,93,2026-09-20
India,IN,en.wikipedia,79560156,Teach_You_a_Lesson,Q137844128,357,2026-09-20
United Kingdom,GB,en.wikipedia,82034667,"Four_Hands,_Two_Sonatas",Q137271520,233,2026-09-20
Philippines,PH,en.wikipedia,82003107,Agent_Kim_Reactivated,Q139553270,103,2026-09-20
France,FR,fr.wikipedia,17588331,"Four_Hands,_Two_Sonatas",Q137271520,170,2026-09-20
Australia,AU,en.wikipedia,82003107,Agent_Kim_Reactivated,Q139553270,101,2026-09-20
Philippines,PH,en.wikipedia,82034667,"Four_Hands,_Two_Sonatas",Q137271520,516,2026-09-20
Indonesia,ID,en.wikipedia,79560156,Teach_You_a_Lesson,Q137844128,103,2026-09-20
Philippines,PH,en.wikipedia,83488921,A_Bona_Fide_Killer,Q139411314,245,2026-09-20
Philippines,PH,en.wikipedia,79560156,Teach_You_a_Lesson,Q137844128,188,2026-09-20
Indonesia,ID,id.wikipedia,4694064,"Four_Hands,_Two_Sonatas",Q137271520,406,2026-09-20
Singapore,SG,en.wikipedia,82003107,Agent_Kim_Reactivated,Q139553270,170,2026-09-20
Malaysia,MY,en.wikipedia,82003107,Agent_Kim_Reactivated,Q139553270,93,2026-09-20
United States,US,en.wikipedia,82003107,Agent_Kim_Reactivated,Q139553270,450,2026-09-20
Italy,IT,en.wikipedia,82034667,"Four_Hands,_Two_Sonatas",Q137271520,171,2026-09-20
France,FR,fr.wikipedia,17514844,Agent_Kim_Reactivated,Q139553270,155,2026-09-20
Canada,CA,en.wikipedia,82003107,Agent_Kim_Reactivated,Q139553270,97,2026-09-20
Indonesia,ID,id.wikipedia,4680537,Teach_You_a_Lesson,Q137844128,148,2026-09-20
Indonesia,ID,en.wikipedia,83488921,A_Bona_Fide_Killer,Q139411314,108,2026-09-20
Indonesia,ID,id.wikipedia,4737177,Agent_Kim_Reactivated,Q139553270,202,2026-09-20
United States,US,en.wikipedia,78258360,The_Wonderfools,Q130748503,306,2026-09-20
United States,US,en.wikipedia,75697706,A_Shop_for_Killers,Q123999260,171,2026-09-20
Philippines,PH,en.wikipedia,75697706,A_Shop_for_Killers,Q123999260,109,2026-09-20
Singapore,SG,en.wikipedia,78258360,The_Wonderfools,Q130748503,128,2026-09-20
United States,US,en.wikipedia,82034667,"Four_Hands,_Two_Sonatas",Q137271520,1220,2026-09-20
India,IN,en.wikipedia,83488921,A_Bona_Fide_Killer,Q139411314,190,2026-09-20
India,IN,en.wikipedia,75697706,A_Shop_for_Killers,Q123999260,158,2026-09-20
Brazil,BR,en.wikipedia,82034667,"Four_Hands,_Two_Sonatas",Q137271520,212,2026-09-20
Indonesia,ID,en.wikipedia,82034667,"Four_Hands,_Two_Sonatas",Q137271520,191,2026-09-20
Singapore,SG,en.wikipedia,75697706,A_Shop_for_Killers,Q123999260,94,2026-09-20
Malaysia,MY,en.wikipedia,83488921,A_Bona_Fide_Killer,Q139411314,141,2026-09-20
United States,US,en.wikipedia,73002553,Bloodhounds_(TV_series),Q109767798,218,2026-09-20
India,IN,en.wikipedia,82159028,We_Are_All_Trying_Here,Q137843064,105,2026-09-20
Japan,JP,en.wikipedia,75697706,A_Shop_for_Killers,Q123999260,103,2026-09-20
Singapore,SG,en.wikipedia,83488921,A_Bona_Fide_Killer,Q139411314,117,2026-09-20
Japan,JP,en.wikipedia,82003107,Agent_Kim_Reactivated,Q139553270,271,2026-09-20
Canada,CA,en.wikipedia,78258360,The_Wonderfools,Q130748503,117,2026-09-20
United States,US,en.wikipedia,83488921,A_Bona_Fide_Killer,Q139411314,314,2026-09-20
Germany,DE,de.wikipedia,13892974,Agent_Kim_Reactivated,Q139553270,135,2026-09-20
Japan,JP,en.wikipedia,82034667,"Four_Hands,_Two_Sonatas",Q137271520,141,2026-09-20
India,IN,en.wikipedia,73002553,Bloodhounds_(TV_series),Q109767798,109,2026-09-20
Australia,AU,en.wikipedia,82034667,"Four_Hands,_Two_Sonatas",Q137271520,145,2026-09-20
India,IN,en.wikipedia,82003107,Agent_Kim_Reactivated,Q139553270,254,2026-09-20
Canada,CA,en.wikipedia,82034667,"Four_Hands,_Two_Sonatas",Q137271520,241,2026-09-20
Singapore,SG,en.wikipedia,79560156,Teach_You_a_Lesson,Q137844128,92,2026-09-21
Germany,DE,de.wikipedia,13931524,"Four_Hands,_Two_Sonatas",Q137271520,123,2026-09-21
Indonesia,ID,id.wikipedia,4750411,A_Bona_Fide_Killer,Q139411314,199,2026-09-21
United States,US,en.wikipedia,79560156,Teach_You_a_Lesson,Q137844128,467,2026-09-21
India,IN,en.wikipedia,82034667,"Four_Hands,_Two_Sonatas",Q137271520,608,2026-09-21
Malaysia,MY,en.wikipedia,82034667,"Four_Hands,_Two_Sonatas",Q137271520,252,2026-09-21
India,IN,en.wikipedia,78258360,The_Wonderfools,Q130748503,101,2026-09-21
United Kingdom,GB,en.wikipedia,79560156,Teach_You_a_Lesson,Q137844128,112,2026-09-21
India,IN,en.wikipedia,79560156,Teach_You_a_Lesson,Q137844128,230,2026-09-21
United Kingdom,GB,en.wikipedia,82034667,"Four_Hands,_Two_Sonatas",Q137271520,160,2026-09-21
Philippines,PH,en.wikipedia,82003107,Agent_Kim_Reactivated,Q139553270,96,2026-09-21
Philippines,PH,en.wikipedia,82034667,"Four_Hands,_Two_Sonatas",Q137271520,421,2026-09-21
Philippines,PH,en.wikipedia,83488921,A_Bona_Fide_Killer,Q139411314,208,2026-09-21
Philippines,PH,en.wikipedia,79560156,Teach_You_a_Lesson,Q137844128,130,2026-09-21
Indonesia,ID,id.wikipedia,4694064,"Four_Hands,_Two_Sonatas",Q137271520,369,2026-09-21
Singapore,SG,en.wikipedia,82003107,Agent_Kim_Reactivated,Q139553270,99,2026-09-21
Malaysia,MY,en.wikipedia,82003107,Agent_Kim_Reactivated,Q139553270,125,2026-09-21
United States,US,en.wikipedia,82003107,Agent_Kim_Reactivated,Q139553270,393,2026-09-21
Italy,IT,en.wikipedia,82034667,"Four_Hands,_Two_Sonatas",Q137271520,109,2026-09-21
United Kingdom,GB,en.wikipedia,82003107,Agent_Kim_Reactivated,Q139553270,105,2026-09-21
Canada,CA,en.wikipedia,82003107,Agent_Kim_Reactivated,Q139553270,95,2026-09-21
Indonesia,ID,id.wikipedia,4680537,Teach_You_a_Lesson,Q137844128,119,2026-09-21
Indonesia,ID,id.wikipedia,4737177,Agent_Kim_Reactivated,Q139553270,160,2026-09-21
United States,US,en.wikipedia,78258360,The_Wonderfools,Q130748503,368,2026-09-21
United States,US,en.wikipedia,75697706,A_Shop_for_Killers,Q123999260,161,2026-09-21
United States,US,en.wikipedia,82034667,"Four_Hands,_Two_Sonatas",Q137271520,1083,2026-09-21
India,IN,en.wikipedia,83488921,A_Bona_Fide_Killer,Q139411314,130,2026-09-21
United States,US,en.wikipedia,82159028,We_Are_All_Trying_Here,Q137843064,101,2026-09-21
India,IN,en.wikipedia,75697706,A_Shop_for_Killers,Q123999260,172,2026-09-21
Brazil,BR,en.wikipedia,82034667,"Four_Hands,_Two_Sonatas",Q137271520,206,2026-09-21
Indonesia,ID,en.wikipedia,82034667,"Four_Hands,_Two_Sonatas",Q137271520,207,2026-09-21
Malaysia,MY,en.wikipedia,79560156,Teach_You_a_Lesson,Q137844128,94,2026-09-21
Singapore,SG,en.wikipedia,75697706,A_Shop_for_Killers,Q123999260,106,2026-09-21
Malaysia,MY,en.wikipedia,83488921,A_Bona_Fide_Killer,Q139411314,166,2026-09-21
United States,US,en.wikipedia,73002553,Bloodhounds_(TV_series),Q109767798,224,2026-09-21
Japan,JP,en.wikipedia,82003107,Agent_Kim_Reactivated,Q139553270,301,2026-09-21
Canada,CA,en.wikipedia,78258360,The_Wonderfools,Q130748503,92,2026-09-21
United States,US,en.wikipedia,83488921,A_Bona_Fide_Killer,Q139411314,267,2026-09-21
India,IN,en.wikipedia,81854574,The_Legend_of_Kitchen_Soldier,Q137410939,101,2026-09-21
Japan,JP,en.wikipedia,82034667,"Four_Hands,_Two_Sonatas",Q137271520,188,2026-09-21
France,FR,en.wikipedia,82034667,"Four_Hands,_Two_Sonatas",Q137271520,97,2026-09-21
Australia,AU,en.wikipedia,82034667,"Four_Hands,_Two_Sonatas",Q137271520,185,2026-09-21
India,IN,en.wikipedia,82003107,Agent_Kim_Reactivated,Q139553270,295,2026-09-21
Canada,CA,en.wikipedia,82034667,"Four_Hands,_Two_Sonatas",Q137271520,170,2026-09-21
Singapore,SG,en.wikipedia,79560156,Teach_You_a_Lesson,Q137844128,106,2026-09-22
Indonesia,ID,id.wikipedia,4750411,A_Bona_Fide_Killer,Q139411314,162,2026-09-22
United States,US,en.wikipedia,79560156,Teach_You_a_Lesson,Q137844128,398,2026-09-22
India,IN,en.wikipedia,82034667,"Four_Hands,_Two_Sonatas",Q137271520,462,2026-09-22
Malaysia,MY,en.wikipedia,82034667,"Four_Hands,_Two_Sonatas",Q137271520,120,2026-09-22
India,IN,en.wikipedia,78258360,The_Wonderfools,Q130748503,112,2026-09-22
India,IN,en.wikipedia,79560156,Teach_You_a_Lesson,Q137844128,245,2026-09-22
United Kingdom,GB,en.wikipedia,82034667,"Four_Hands,_Two_Sonatas",Q137271520,129,2026-09-22
Philippines,PH,en.wikipedia,82003107,Agent_Kim_Reactivated,Q139553270,93,2026-09-22
Philippines,PH,en.wikipedia,82034667,"Four_Hands,_Two_Sonatas",Q137271520,303,2026-09-22
Philippines,PH,en.wikipedia,83488921,A_Bona_Fide_Killer,Q139411314,185,2026-09-22
Philippines,PH,en.wikipedia,79560156,Teach_You_a_Lesson,Q137844128,93,2026-09-22
Indonesia,ID,id.wikipedia,4694064,"Four_Hands,_Two_Sonatas",Q137271520,283,2026-09-22
Singapore,SG,en.wikipedia,82003107,Agent_Kim_Reactivated,Q139553270,140,2026-09-22
United States,US,en.wikipedia,82003107,Agent_Kim_Reactivated,Q139553270,344,2026-09-22
Italy,IT,en.wikipedia,82034667,"Four_Hands,_Two_Sonatas",Q137271520,99,2026-09-22
United Kingdom,GB,en.wikipedia,82003107,Agent_Kim_Reactivated,Q139553270,96,2026-09-22
Indonesia,ID,id.wikipedia,4680537,Teach_You_a_Lesson,Q137844128,115,2026-09-22
United States,US,en.wikipedia,78258360,The_Wonderfools,Q130748503,288,2026-09-22
United States,US,en.wikipedia,75697706,A_Shop_for_Killers,Q123999260,166,2026-09-22
United States,US,en.wikipedia,82034667,"Four_Hands,_Two_Sonatas",Q137271520,742,2026-09-22
India,IN,en.wikipedia,83488921,A_Bona_Fide_Killer,Q139411314,99,2026-09-22
India,IN,en.wikipedia,75697706,A_Shop_for_Killers,Q123999260,142,2026-09-22
Brazil,BR,en.wikipedia,82034667,"Four_Hands,_Two_Sonatas",Q137271520,156,2026-09-22
Indonesia,ID,en.wikipedia,82034667,"Four_Hands,_Two_Sonatas",Q137271520,103,2026-09-22
Malaysia,MY,en.wikipedia,83488921,A_Bona_Fide_Killer,Q139411314,118,2026-09-22
United States,US,en.wikipedia,73002553,Bloodhounds_(TV_series),Q109767798,195,2026-09-22
Singapore,SG,en.wikipedia,83488921,A_Bona_Fide_Killer,Q139411314,101,2026-09-22
Japan,JP,en.wikipedia,82003107,Agent_Kim_Reactivated,Q139553270,242,2026-09-22
United States,US,en.wikipedia,83488921,A_Bona_Fide_Killer,Q139411314,218,2026-09-22
Japan,JP,en.wikipedia,82034667,"Four_Hands,_Two_Sonatas",Q137271520,160,2026-09-22
Australia,AU,en.wikipedia,82034667,"Four_Hands,_Two_Sonatas",Q137271520,113,2026-09-22
India,IN,en.wikipedia,82003107,Agent_Kim_Reactivated,Q139553270,270,2026-09-22
Canada,CA,en.wikipedia,82034667,"Four_Hands,_Two_Sonatas",Q137271520,97,2026-09-22
Singapore,SG,en.wikipedia,79560156,Teach_You_a_Lesson,Q137844128,96,2026-09-23
Indonesia,ID,id.wikipedia,4750411,A_Bona_Fide_Killer,Q139411314,190,2026-09-23
United States,US,en.wikipedia,79560156,Teach_You_a_Lesson,Q137844128,350,2026-09-23
India,IN,en.wikipedia,82034667,"Four_Hands,_Two_Sonatas",Q137271520,373,2026-09-23
India,IN,en.wikipedia,78258360,The_Wonderfools,Q130748503,124,2026-09-23
India,IN,en.wikipedia,79560156,Teach_You_a_Lesson,Q137844128,256,2026-09-23
United Kingdom,GB,en.wikipedia,82034667,"Four_Hands,_Two_Sonatas",Q137271520,90,2026-09-23
Philippines,PH,en.wikipedia,82034667,"Four_Hands,_Two_Sonatas",Q137271520,255,2026-09-23
Philippines,PH,en.wikipedia,83488921,A_Bona_Fide_Killer,Q139411314,184,2026-09-23
Philippines,PH,en.wikipedia,79560156,Teach_You_a_Lesson,Q137844128,135,2026-09-23
Indonesia,ID,id.wikipedia,4694064,"Four_Hands,_Two_Sonatas",Q137271520,314,2026-09-23
United States,US,en.wikipedia,82003107,Agent_Kim_Reactivated,Q139553270,367,2026-09-23
France,FR,fr.wikipedia,17514844,Agent_Kim_Reactivated,Q139553270,114,2026-09-23
Indonesia,ID,id.wikipedia,4680537,Teach_You_a_Lesson,Q137844128,178,2026-09-23
Indonesia,ID,id.wikipedia,4737177,Agent_Kim_Reactivated,Q139553270,159,2026-09-23
United States,US,en.wikipedia,78258360,The_Wonderfools,Q130748503,257,2026-09-23
United States,US,en.wikipedia,75697706,A_Shop_for_Killers,Q123999260,114,2026-09-23
Philippines,PH,en.wikipedia,75697706,A_Shop_for_Killers,Q123999260,104,2026-09-23
United States,US,en.wikipedia,82034667,"Four_Hands,_Two_Sonatas",Q137271520,634,2026-09-23
India,IN,en.wikipedia,83488921,A_Bona_Fide_Killer,Q139411314,111,2026-09-23
India,IN,en.wikipedia,75697706,A_Shop_for_Killers,Q123999260,150,2026-09-23
Brazil,BR,en.wikipedia,82034667,"Four_Hands,_Two_Sonatas",Q137271520,119,2026-09-23
Indonesia,ID,en.wikipedia,82034667,"Four_Hands,_Two_Sonatas",Q137271520,114,2026-09-23
Malaysia,MY,en.wikipedia,83488921,A_Bona_Fide_Killer,Q139411314,105,2026-09-23
United States,US,en.wikipedia,73002553,Bloodhounds_(TV_series),Q109767798,177,2026-09-23
India,IN,en.wikipedia,82159028,We_Are_All_Trying_Here,Q137843064,109,2026-09-23
Japan,JP,en.wikipedia,82003107,Agent_Kim_Reactivated,Q139553270,238,2026-09-23
United States,US,en.wikipedia,83488921,A_Bona_Fide_Killer,Q139411314,245,2026-09-23
India,IN,en.wikipedia,81854574,The_Legend_of_Kitchen_Soldier,Q137410939,111,2026-09-23
Japan,JP,en.wikipedia,82034667,"Four_Hands,_Two_Sonatas",Q137271520,134,2026-09-23
Australia,AU,en.wikipedia,82034667,"Four_Hands,_Two_Sonatas",Q137271520,115,2026-09-23
India,IN,en.wikipedia,82003107,Agent_Kim_Reactivated,Q139553270,172,2026-09-23
Canada,CA,en.wikipedia,82034667,"Four_Hands,_Two_Sonatas",Q137271520,137,2026-09-23
Singapore,SG,en.wikipedia,79560156,Teach_You_a_Lesson,Q137844128,97,2026-09-24
Indonesia,ID,id.wikipedia,4750411,A_Bona_Fide_Killer,Q139411314,204,2026-09-24
United States,US,en.wikipedia,79560156,Teach_You_a_Lesson,Q137844128,374,2026-09-24
India,IN,en.wikipedia,82034667,"Four_Hands,_Two_Sonatas",Q137271520,259,2026-09-24
Malaysia,MY,en.wikipedia,82034667,"Four_Hands,_Two_Sonatas",Q137271520,92,2026-09-24
India,IN,en.wikipedia,78258360,The_Wonderfools,Q130748503,108,2026-09-24
United Kingdom,GB,en.wikipedia,79560156,Teach_You_a_Lesson,Q137844128,98,2026-09-24
India,IN,en.wikipedia,79560156,Teach_You_a_Lesson,Q137844128,265,2026-09-24
United Kingdom,GB,en.wikipedia,82034667,"Four_Hands,_Two_Sonatas",Q137271520,111,2026-09-24
Philippines,PH,en.wikipedia,82003107,Agent_Kim_Reactivated,Q139553270,138,2026-09-24
Philippines,PH,en.wikipedia,82034667,"Four_Hands,_Two_Sonatas",Q137271520,187,2026-09-24
Philippines,PH,en.wikipedia,83488921,A_Bona_Fide_Killer,Q139411314,156,2026-09-24
Philippines,PH,en.wikipedia,79560156,Teach_You_a_Lesson,Q137844128,122,2026-09-24
Indonesia,ID,id.wikipedia,4694064,"Four_Hands,_Two_Sonatas",Q137271520,275,2026-09-24
United States,US,en.wikipedia,82003107,Agent_Kim_Reactivated,Q139553270,324,2026-09-24
Italy,IT,en.wikipedia,82034667,"Four_Hands,_Two_Sonatas",Q137271520,96,2026-09-24
Canada,CA,en.wikipedia,79560156,Teach_You_a_Lesson,Q137844128,117,2026-09-24
United Kingdom,GB,en.wikipedia,82003107,Agent_Kim_Reactivated,Q139553270,90,2026-09-24
France,FR,fr.wikipedia,17514844,Agent_Kim_Reactivated,Q139553270,99,2026-09-24
Canada,CA,en.wikipedia,82003107,Agent_Kim_Reactivated,Q139553270,113,2026-09-24
Indonesia,ID,id.wikipedia,4680537,Teach_You_a_Lesson,Q137844128,149,2026-09-24
Indonesia,ID,id.wikipedia,4737177,Agent_Kim_Reactivated,Q139553270,148,2026-09-24
United States,US,en.wikipedia,78258360,The_Wonderfools,Q130748503,230,2026-09-24
United States,US,en.wikipedia,75697706,A_Shop_for_Killers,Q123999260,134,2026-09-24
Philippines,PH,en.wikipedia,75697706,A_Shop_for_Killers,Q123999260,98,2026-09-24
United States,US,en.wikipedia,82034667,"Four_Hands,_Two_Sonatas",Q137271520,528,2026-09-24
India,IN,en.wikipedia,83488921,A_Bona_Fide_Killer,Q139411314,93,2026-09-24
India,IN,en.wikipedia,75697706,A_Shop_for_Killers,Q123999260,173,2026-09-24
Indonesia,ID,en.wikipedia,82034667,"Four_Hands,_Two_Sonatas",Q137271520,130,2026-09-24
Malaysia,MY,en.wikipedia,83488921,A_Bona_Fide_Killer,Q139411314,123,2026-09-24
United States,US,en.wikipedia,73002553,Bloodhounds_(TV_series),Q109767798,187,2026-09-24
India,IN,en.wikipedia,82159028,We_Are_All_Trying_Here,Q137843064,105,2026-09-24
Singapore,SG,en.wikipedia,83488921,A_Bona_Fide_Killer,Q139411314,95,2026-09-24
Japan,JP,en.wikipedia,82003107,Agent_Kim_Reactivated,Q139553270,118,2026-09-24
United States,US,en.wikipedia,83488921,A_Bona_Fide_Killer,Q139411314,176,2026-09-24
India,IN,en.wikipedia,73002553,Bloodhounds_(TV_series),Q109767798,123,2026-09-24
Australia,AU,en.wikipedia,82034667,"Four_Hands,_Two_Sonatas",Q137271520,102,2026-09-24
India,IN,en.wikipedia,82003107,Agent_Kim_Reactivated,Q139553270,186,2026-09-24
Canada,CA,en.wikipedia,82034667,"Four_Hands,_Two_Sonatas",Q137271520,146,2026-09-24
Singapore,SG,en.wikipedia,79560156,Teach_You_a_Lesson,Q137844128,117,2026-09-25
Indonesia,ID,id.wikipedia,4750411,A_Bona_Fide_Killer,Q139411314,165,2026-09-25
United States,US,en.wikipedia,79560156,Teach_You_a_Lesson,Q137844128,344,2026-09-25
India,IN,en.wikipedia,82034667,"Four_Hands,_Two_Sonatas",Q137271520,193,2026-09-25
Malaysia,MY,en.wikipedia,82034667,"Four_Hands,_Two_Sonatas",Q137271520,101,2026-09-25
India,IN,en.wikipedia,78258360,The_Wonderfools,Q130748503,139,2026-09-25
India,IN,en.wikipedia,79560156,Teach_You_a_Lesson,Q137844128,274,2026-09-25
United Kingdom,GB,en.wikipedia,82034667,"Four_Hands,_Two_Sonatas",Q137271520,108,2026-09-25
Philippines,PH,en.wikipedia,82003107,Agent_Kim_Reactivated,Q139553270,108,2026-09-25
Philippines,PH,en.wikipedia,82034667,"Four_Hands,_Two_Sonatas",Q137271520,195,2026-09-25
Philippines,PH,en.wikipedia,83488921,A_Bona_Fide_Killer,Q139411314,148,2026-09-25
Philippines,PH,en.wikipedia,79560156,Teach_You_a_Lesson,Q137844128,122,2026-09-25
Indonesia,ID,id.wikipedia,4694064,"Four_Hands,_Two_Sonatas",Q137271520,232,2026-09-25
Singapore,SG,en.wikipedia,82003107,Agent_Kim_Reactivated,Q139553270,97,2026-09-25
United States,US,en.wikipedia,82003107,Agent_Kim_Reactivated,Q139553270,333,2026-09-25
Canada,CA,en.wikipedia,79560156,Teach_You_a_Lesson,Q137844128,123,2026-09-25
Indonesia,ID,id.wikipedia,4680537,Teach_You_a_Lesson,Q137844128,171,2026-09-25
Indonesia,ID,id.wikipedia,4737177,Agent_Kim_Reactivated,Q139553270,134,2026-09-25
United States,US,en.wikipedia,78258360,The_Wonderfools,Q130748503,192,2026-09-25
United States,US,en.wikipedia,75697706,A_Shop_for_Killers,Q123999260,143,2026-09-25
United States,US,en.wikipedia,82034667,"Four_Hands,_Two_Sonatas",Q137271520,580,2026-09-25
India,IN,en.wikipedia,83488921,A_Bona_Fide_Killer,Q139411314,105,2026-09-25
India,IN,en.wikipedia,75697706,A_Shop_for_Killers,Q123999260,162,2026-09-25
Brazil,BR,en.wikipedia,82034667,"Four_Hands,_Two_Sonatas",Q137271520,110,2026-09-25
Indonesia,ID,en.wikipedia,82034667,"Four_Hands,_Two_Sonatas",Q137271520,136,2026-09-25
Malaysia,MY,en.wikipedia,79560156,Teach_You_a_Lesson,Q137844128,92,2026-09-25
United States,US,en.wikipedia,73002553,Bloodhounds_(TV_series),Q109767798,169,2026-09-25
Japan,JP,en.wikipedia,82003107,Agent_Kim_Reactivated,Q139553270,130,2026-09-25
United States,US,en.wikipedia,83488921,A_Bona_Fide_Killer,Q139411314,244,2026-09-25
India,IN,en.wikipedia,73002553,Bloodhounds_(TV_series),Q109767798,100,2026-09-25
Australia,AU,en.wikipedia,82034667,"Four_Hands,_Two_Sonatas",Q137271520,130,2026-09-25
India,IN,en.wikipedia,82003107,Agent_Kim_Reactivated,Q139553270,194,2026-09-25
Canada,CA,en.wikipedia,82034667,"Four_Hands,_Two_Sonatas",Q137271520,117,2026-09-25
Germany,DE,de.wikipedia,13931524,"Four_Hands,_Two_Sonatas",Q137271520,99,2026-09-26
Indonesia,ID,id.wikipedia,4750411,A_Bona_Fide_Killer,Q139411314,147,2026-09-26
United States,US,en.wikipedia,79560156,Teach_You_a_Lesson,Q137844128,399,2026-09-26
India,IN,en.wikipedia,82034667,"Four_Hands,_Two_Sonatas",Q137271520,331,2026-09-26
Australia,AU,en.wikipedia,79560156,Teach_You_a_Lesson,Q137844128,93,2026-09-26
Malaysia,MY,en.wikipedia,82034667,"Four_Hands,_Two_Sonatas",Q137271520,173,2026-09-26
India,IN,en.wikipedia,78258360,The_Wonderfools,Q130748503,122,2026-09-26
United Kingdom,GB,en.wikipedia,79560156,Teach_You_a_Lesson,Q137844128,92,2026-09-26
India,IN,en.wikipedia,79560156,Teach_You_a_Lesson,Q137844128,343,2026-09-26
United Kingdom,GB,en.wikipedia,82034667,"Four_Hands,_Two_Sonatas",Q137271520,126,2026-09-26
Philippines,PH,en.wikipedia,82003107,Agent_Kim_Reactivated,Q139553270,138,2026-09-26
Philippines,PH,en.wikipedia,82034667,"Four_Hands,_Two_Sonatas",Q137271520,281,2026-09-26
Philippines,PH,en.wikipedia,83488921,A_Bona_Fide_Killer,Q139411314,221,2026-09-26
Philippines,PH,en.wikipedia,79560156,Teach_You_a_Lesson,Q137844128,133,2026-09-26
Indonesia,ID,id.wikipedia,4694064,"Four_Hands,_Two_Sonatas",Q137271520,237,2026-09-26
Singapore,SG,en.wikipedia,82003107,Agent_Kim_Reactivated,Q139553270,114,2026-09-26
Malaysia,MY,en.wikipedia,82003107,Agent_Kim_Reactivated,Q139553270,128,2026-09-26
United States,US,en.wikipedia,82003107,Agent_Kim_Reactivated,Q139553270,437,2026-09-26
Italy,IT,en.wikipedia,82034667,"Four_Hands,_Two_Sonatas",Q137271520,111,2026-09-26
Canada,CA,en.wikipedia,79560156,Teach_You_a_Lesson,Q137844128,99,2026-09-26
France,FR,fr.wikipedia,17514844,Agent_Kim_Reactivated,Q139553270,103,2026-09-26
Indonesia,ID,id.wikipedia,4680537,Teach_You_a_Lesson,Q137844128,128,2026-09-26
United States,US,en.wikipedia,78258360,The_Wonderfools,Q130748503,244,2026-09-26
United States,US,en.wikipedia,75697706,A_Shop_for_Killers,Q123999260,118,2026-09-26
United States,US,en.wikipedia,82034667,"Four_Hands,_Two_Sonatas",Q137271520,887,2026-09-26
United States,US,en.wikipedia,82159028,We_Are_All_Trying_Here,Q137843064,91,2026-09-26
India,IN,en.wikipedia,75697706,A_Shop_for_Killers,Q123999260,152,2026-09-26
Brazil,BR,en.wikipedia,82034667,"Four_Hands,_Two_Sonatas",Q137271520,108,2026-09-26
Indonesia,ID,en.wikipedia,82034667,"Four_Hands,_Two_Sonatas",Q137271520,132,2026-09-26
Malaysia,MY,en.wikipedia,79560156,Teach_You_a_Lesson,Q137844128,115,2026-09-26
Singapore,SG,en.wikipedia,75697706,A_Shop_for_Killers,Q123999260,144,2026-09-26
Singapore,SG,en.wikipedia,82034667,"Four_Hands,_Two_Sonatas",Q137271520,272,2026-09-26
United States,US,en.wikipedia,73002553,Bloodhounds_(TV_series),Q109767798,168,2026-09-26
Singapore,SG,en.wikipedia,83488921,A_Bona_Fide_Killer,Q139411314,91,2026-09-26
Japan,JP,en.wikipedia,82003107,Agent_Kim_Reactivated,Q139553270,165,2026-09-26
United States,US,en.wikipedia,83488921,A_Bona_Fide_Killer,Q139411314,276,2026-09-26
Japan,JP,en.wikipedia,82034667,"Four_Hands,_Two_Sonatas",Q137271520,127,2026-09-26
India,IN,en.wikipedia,73002553,Bloodhounds_(TV_series),Q109767798,122,2026-09-26
Australia,AU,en.wikipedia,82034667,"Four_Hands,_Two_Sonatas",Q137271520,106,2026-09-26
India,IN,en.wikipedia,82003107,Agent_Kim_Reactivated,Q139553270,210,2026-09-26
Canada,CA,en.wikipedia,82034667,"Four_Hands,_Two_Sonatas",Q137271520,156,2026-09-26
Singapore,SG,en.wikipedia,79560156,Teach_You_a_Lesson,Q137844128,110,2026-09-27
Germany,DE,de.wikipedia,13931524,"Four_Hands,_Two_Sonatas",Q137271520,203,2026-09-27
Indonesia,ID,id.wikipedia,4750411,A_Bona_Fide_Killer,Q139411314,163,2026-09-27
United States,US,en.wikipedia,79560156,Teach_You_a_Lesson,Q137844128,500,2026-09-27
India,IN,en.wikipedia,82034667,"Four_Hands,_Two_Sonatas",Q137271520,660,2026-09-27
Australia,AU,en.wikipedia,79560156,Teach_You_a_Lesson,Q137844128,96,2026-09-27
Malaysia,MY,en.wikipedia,82034667,"Four_Hands,_Two_Sonatas",Q137271520,276,2026-09-27
India,IN,en.wikipedia,78258360,The_Wonderfools,Q130748503,147,2026-09-27
United Kingdom,GB,en.wikipedia,79560156,Teach_You_a_Lesson,Q137844128,97,2026-09-27
India,IN,en.wikipedia,79560156,Teach_You_a_Lesson,Q137844128,324,2026-09-27
United Kingdom,GB,en.wikipedia,78258360,The_Wonderfools,Q130748503,105,2026-09-27
United Kingdom,GB,en.wikipedia,82034667,"Four_Hands,_Two_Sonatas",Q137271520,248,2026-09-27
Philippines,PH,en.wikipedia,82003107,Agent_Kim_Reactivated,Q139553270,114,2026-09-27
Australia,AU,en.wikipedia,82003107,Agent_Kim_Reactivated,Q139553270,101,2026-09-27
Philippines,PH,en.wikipedia,82034667,"Four_Hands,_Two_Sonatas",Q137271520,445,2026-09-27
Philippines,PH,en.wikipedia,83488921,A_Bona_Fide_Killer,Q139411314,177,2026-09-27
Philippines,PH,en.wikipedia,79560156,Teach_You_a_Lesson,Q137844128,180,2026-09-27
Indonesia,ID,id.wikipedia,4694064,"Four_Hands,_Two_Sonatas",Q137271520,354,2026-09-27
Singapore,SG,en.wikipedia,82003107,Agent_Kim_Reactivated,Q139553270,153,2026-09-27
Malaysia,MY,en.wikipedia,82003107,Agent_Kim_Reactivated,Q139553270,106,2026-09-27
United States,US,en.wikipedia,82003107,Agent_Kim_Reactivated,Q139553270,438,2026-09-27
Italy,IT,en.wikipedia,82034667,"Four_Hands,_Two_Sonatas",Q137271520,226,2026-09-27
Canada,CA,en.wikipedia,79560156,Teach_You_a_Lesson,Q137844128,125,2026-09-27
United Kingdom,GB,en.wikipedia,82003107,Agent_Kim_Reactivated,Q139553270,90,2026-09-27
France,FR,fr.wikipedia,17514844,Agent_Kim_Reactivated,Q139553270,127,2026-09-27
Canada,CA,en.wikipedia,82003107,Agent_Kim_Reactivated,Q139553270,125,2026-09-27
Indonesia,ID,id.wikipedia,4680537,Teach_You_a_Lesson,Q137844128,122,2026-09-27
Indonesia,ID,en.wikipedia,83488921,A_Bona_Fide_Killer,Q139411314,117,2026-09-27
Indonesia,ID,id.wikipedia,4737177,Agent_Kim_Reactivated,Q139553270,117,2026-09-27
United States,US,en.wikipedia,78258360,The_Wonderfools,Q130748503,409,2026-09-27
Australia,AU,en.wikipedia,78258360,The_Wonderfools,Q130748503,90,2026-09-27
Germany,DE,en.wikipedia,82034667,"Four_Hands,_Two_Sonatas",Q137271520,149,2026-09-27
United States,US,en.wikipedia,75697706,A_Shop_for_Killers,Q123999260,154,2026-09-27
Philippines,PH,en.wikipedia,75697706,A_Shop_for_Killers,Q123999260,123,2026-09-27
Singapore,SG,en.wikipedia,78258360,The_Wonderfools,Q130748503,115,2026-09-27
United States,US,en.wikipedia,82034667,"Four_Hands,_Two_Sonatas",Q137271520,1243,2026-09-27
India,IN,en.wikipedia,83488921,A_Bona_Fide_Killer,Q139411314,110,2026-09-27
Canada,CA,en.wikipedia,75697706,A_Shop_for_Killers,Q123999260,94,2026-09-27
India,IN,en.wikipedia,75697706,A_Shop_for_Killers,Q123999260,134,2026-09-27
Brazil,BR,en.wikipedia,82034667,"Four_Hands,_Two_Sonatas",Q137271520,256,2026-09-27
Indonesia,ID,en.wikipedia,82034667,"Four_Hands,_Two_Sonatas",Q137271520,217,2026-09-27
Malaysia,MY,en.wikipedia,83488921,A_Bona_Fide_Killer,Q139411314,97,2026-09-27
Singapore,SG,en.wikipedia,82034667,"Four_Hands,_Two_Sonatas",Q137271520,383,2026-09-27
United States,US,en.wikipedia,73002553,Bloodhounds_(TV_series),Q109767798,234,2026-09-27
Thailand,TH,en.wikipedia,82034667,"Four_Hands,_Two_Sonatas",Q137271520,131,2026-09-27
Japan,JP,en.wikipedia,82003107,Agent_Kim_Reactivated,Q139553270,189,2026-09-27
Canada,CA,en.wikipedia,78258360,The_Wonderfools,Q130748503,104,2026-09-27
United States,US,en.wikipedia,83488921,A_Bona_Fide_Killer,Q139411314,303,2026-09-27
Japan,JP,en.wikipedia,82034667,"Four_Hands,_Two_Sonatas",Q137271520,164,2026-09-27
India,IN,en.wikipedia,73002553,Bloodhounds_(TV_series),Q109767798,90,2026-09-27
Australia,AU,en.wikipedia,82034667,"Four_Hands,_Two_Sonatas",Q137271520,263,2026-09-27
India,IN,en.wikipedia,82003107,Agent_Kim_Reactivated,Q139553270,272,2026-09-27
Canada,CA,en.wikipedia,82034667,"Four_Hands,_Two_Sonatas",Q137271520,209,2026-09-27
Poland,PL,en.wikipedia,82034667,"Four_Hands,_Two_Sonatas",Q137271520,104,2026-09-27
Singapore,SG,en.wikipedia,79560156,Teach_You_a_Lesson,Q137844128,105,2026-09-28
Germany,DE,de.wikipedia,13931524,"Four_Hands,_Two_Sonatas",Q137271520,175,2026-09-28
Indonesia,ID,id.wikipedia,4750411,A_Bona_Fide_Killer,Q139411314,170,2026-09-28
United States,US,en.wikipedia,79560156,Teach_You_a_Lesson,Q137844128,417,2026-09-28
India,IN,en.wikipedia,82034667,"Four_Hands,_Two_Sonatas",Q137271520,630,2026-09-28
Malaysia,MY,en.wikipedia,82034667,"Four_Hands,_Two_Sonatas",Q137271520,175,2026-09-28
India,IN,en.wikipedia,78258360,The_Wonderfools,Q130748503,133,2026-09-28
United Kingdom,GB,en.wikipedia,79560156,Teach_You_a_Lesson,Q137844128,135,2026-09-28
India,IN,en.wikipedia,79560156,Teach_You_a_Lesson,Q137844128,229,2026-09-28
United Kingdom,GB,en.wikipedia,82034667,"Four_Hands,_Two_Sonatas",Q137271520,233,2026-09-28
Philippines,PH,en.wikipedia,82003107,Agent_Kim_Reactivated,Q139553270,101,2026-09-28
Philippines,PH,en.wikipedia,82034667,"Four_Hands,_Two_Sonatas",Q137271520,348,2026-09-28
Philippines,PH,en.wikipedia,83488921,A_Bona_Fide_Killer,Q139411314,182,2026-09-28
Philippines,PH,en.wikipedia,79560156,Teach_You_a_Lesson,Q137844128,130,2026-09-28
Indonesia,ID,id.wikipedia,4694064,"Four_Hands,_Two_Sonatas",Q137271520,385,2026-09-28
Singapore,SG,en.wikipedia,82003107,Agent_Kim_Reactivated,Q139553270,122,2026-09-28
United States,US,en.wikipedia,82003107,Agent_Kim_Reactivated,Q139553270,434,2026-09-28
Italy,IT,en.wikipedia,82034667,"Four_Hands,_Two_Sonatas",Q137271520,165,2026-09-28
Canada,CA,en.wikipedia,79560156,Teach_You_a_Lesson,Q137844128,93,2026-09-28
France,FR,fr.wikipedia,17514844,Agent_Kim_Reactivated,Q139553270,124,2026-09-28
Indonesia,ID,id.wikipedia,4680537,Teach_You_a_Lesson,Q137844128,90,2026-09-28
United States,US,en.wikipedia,78258360,The_Wonderfools,Q130748503,374,2026-09-28
Germany,DE,en.wikipedia,82034667,"Four_Hands,_Two_Sonatas",Q137271520,102,2026-09-28
United States,US,en.wikipedia,75697706,A_Shop_for_Killers,Q123999260,181,2026-09-28
United States,US,en.wikipedia,82034667,"Four_Hands,_Two_Sonatas",Q137271520,1292,2026-09-28
India,IN,en.wikipedia,75697706,A_Shop_for_Killers,Q123999260,107,2026-09-28
Brazil,BR,en.wikipedia,82034667,"Four_Hands,_Two_Sonatas",Q137271520,194,2026-09-28
Indonesia,ID,en.wikipedia,82034667,"Four_Hands,_Two_Sonatas",Q137271520,222,2026-09-28
Malaysia,MY,en.wikipedia,83488921,A_Bona_Fide_Killer,Q139411314,91,2026-09-28
Singapore,SG,en.wikipedia,82034667,"Four_Hands,_Two_Sonatas",Q137271520,340,2026-09-28
United States,US,en.wikipedia,73002553,Bloodhounds_(TV_series),Q109767798,181,2026-09-28
Thailand,TH,en.wikipedia,82034667,"Four_Hands,_Two_Sonatas",Q137271520,112,2026-09-28
Japan,JP,en.wikipedia,82003107,Agent_Kim_Reactivated,Q139553270,176,2026-09-28
United States,US,en.wikipedia,83488921,A_Bona_Fide_Killer,Q139411314,183,2026-09-28
Japan,JP,en.wikipedia,82034667,"Four_Hands,_Two_Sonatas",Q137271520,192,2026-09-28
Australia,AU,en.wikipedia,82034667,"Four_Hands,_Two_Sonatas",Q137271520,210,2026-09-28
India,IN,en.wikipedia,82003107,Agent_Kim_Reactivated,Q139553270,178,2026-09-28
Canada,CA,en.wikipedia,82034667,"Four_Hands,_Two_Sonatas",Q137271520,240,2026-09-28
Poland,PL,en.wikipedia,82034667,"Four_Hands,_Two_Sonatas",Q137271520,92,2026-09-28
Malaysia,MY,en.wikipedia,75697706,A_Shop_for_Killers,Q123999260,100,2026-09-29
Singapore,SG,en.wikipedia,79560156,Teach_You_a_Lesson,Q137844128,111,2026-09-29
Germany,DE,de.wikipedia,13931524,"Four_Hands,_Two_Sonatas",Q137271520,137,2026-09-29
Indonesia,ID,id.wikipedia,4750411,A_Bona_Fide_Killer,Q139411314,150,2026-09-29
United States,US,en.wikipedia,79560156,Teach_You_a_Lesson,Q137844128,369,2026-09-29
India,IN,en.wikipedia,82034667,"Four_Hands,_Two_Sonatas",Q137271520,412,2026-09-29
Malaysia,MY,en.wikipedia,82034667,"Four_Hands,_Two_Sonatas",Q137271520,143,2026-09-29
India,IN,en.wikipedia,78258360,The_Wonderfools,Q130748503,119,2026-09-29
India,IN,en.wikipedia,79560156,Teach_You_a_Lesson,Q137844128,244,2026-09-29
United Kingdom,GB,en.wikipedia,82034667,"Four_Hands,_Two_Sonatas",Q137271520,143,2026-09-29
Australia,AU,en.wikipedia,82003107,Agent_Kim_Reactivated,Q139553270,107,2026-09-29
Philippines,PH,en.wikipedia,82034667,"Four_Hands,_Two_Sonatas",Q137271520,233,2026-09-29
Indonesia,ID,en.wikipedia,79560156,Teach_You_a_Lesson,Q137844128,129,2026-09-29
Philippines,PH,en.wikipedia,83488921,A_Bona_Fide_Killer,Q139411314,123,2026-09-29
Philippines,PH,en.wikipedia,79560156,Teach_You_a_Lesson,Q137844128,139,2026-09-29
Indonesia,ID,id.wikipedia,4694064,"Four_Hands,_Two_Sonatas",Q137271520,279,2026-09-29
United States,US,en.wikipedia,82003107,Agent_Kim_Reactivated,Q139553270,305,2026-09-29
United States,US,en.wikipedia,78258360,The_Wonderfools,Q130748503,265,2026-09-29
United States,US,en.wikipedia,75697706,A_Shop_for_Killers,Q123999260,138,2026-09-29
United States,US,en.wikipedia,82034667,"Four_Hands,_Two_Sonatas",Q137271520,793,2026-09-29
India,IN,en.wikipedia,75697706,A_Shop_for_Killers,Q123999260,117,2026-09-29
Brazil,BR,en.wikipedia,82034667,"Four_Hands,_Two_Sonatas",Q137271520,119,2026-09-29
Indonesia,ID,en.wikipedia,82034667,"Four_Hands,_Two_Sonatas",Q137271520,166,2026-09-29
Singapore,SG,en.wikipedia,82034667,"Four_Hands,_Two_Sonatas",Q137271520,279,2026-09-29
United States,US,en.wikipedia,73002553,Bloodhounds_(TV_series),Q109767798,166,2026-09-29
India,IN,en.wikipedia,82159028,We_Are_All_Trying_Here,Q137843064,100,2026-09-29
Japan,JP,en.wikipedia,82003107,Agent_Kim_Reactivated,Q139553270,110,2026-09-29
United States,US,en.wikipedia,83488921,A_Bona_Fide_Killer,Q139411314,255,2026-09-29
Japan,JP,en.wikipedia,82034667,"Four_Hands,_Two_Sonatas",Q137271520,151,2026-09-29
India,IN,en.wikipedia,73002553,Bloodhounds_(TV_series),Q109767798,119,2026-09-29
Australia,AU,en.wikipedia,82034667,"Four_Hands,_Two_Sonatas",Q137271520,141,2026-09-29
India,IN,en.wikipedia,82003107,Agent_Kim_Reactivated,Q139553270,214,2026-09-29
Canada,CA,en.wikipedia,82034667,"Four_Hands,_Two_Sonatas",Q137271520,99,2026-09-29
United States,US,en.wikipedia,79560156,Teach_You_a_Lesson,Q137844128,383,2026-09-30
India,IN,en.wikipedia,82034667,"Four_Hands,_Two_Sonatas",Q137271520,342,2026-09-30
Malaysia,MY,en.wikipedia,82034667,"Four_Hands,_Two_Sonatas",Q137271520,100,2026-09-30
India,IN,en.wikipedia,78258360,The_Wonderfools,Q130748503,114,2026-09-30
India,IN,en.wikipedia,79560156,Teach_You_a_Lesson,Q137844128,281,2026-09-30
Philippines,PH,en.wikipedia,82034667,"Four_Hands,_Two_Sonatas",Q137271520,199,2026-09-30
Philippines,PH,en.wikipedia,83488921,A_Bona_Fide_Killer,Q139411314,131,2026-09-30
Indonesia,ID,id.wikipedia,4694064,"Four_Hands,_Two_Sonatas",Q137271520,270,2026-09-30
Singapore,SG,en.wikipedia,82003107,Agent_Kim_Reactivated,Q139553270,106,2026-09-30
United States,US,en.wikipedia,82003107,Agent_Kim_Reactivated,Q139553270,338,2026-09-30
Italy,IT,en.wikipedia,82034667,"Four_Hands,_Two_Sonatas",Q137271520,102,2026-09-30
Indonesia,ID,en.wikipedia,82003107,Agent_Kim_Reactivated,Q139553270,104,2026-09-30
United States,US,en.wikipedia,78258360,The_Wonderfools,Q130748503,232,2026-09-30
United States,US,en.wikipedia,75697706,A_Shop_for_Killers,Q123999260,117,2026-09-30
United States,US,en.wikipedia,82034667,"Four_Hands,_Two_Sonatas",Q137271520,690,2026-09-30
India,IN,en.wikipedia,83488921,A_Bona_Fide_Killer,Q139411314,94,2026-09-30
India,IN,en.wikipedia,75697706,A_Shop_for_Killers,Q123999260,148,2026-09-30
Brazil,BR,en.wikipedia,82034667,"Four_Hands,_Two_Sonatas",Q137271520,91,2026-09-30
United States,US,en.wikipedia,73002553,Bloodhounds_(TV_series),Q109767798,158,2026-09-30
Japan,JP,en.wikipedia,82003107,Agent_Kim_Reactivated,Q139553270,149,2026-09-30
United States,US,en.wikipedia,83488921,A_Bona_Fide_Killer,Q139411314,250,2026-09-30
Japan,JP,en.wikipedia,82034667,"Four_Hands,_Two_Sonatas",Q137271520,134,2026-09-30
India,IN,en.wikipedia,73002553,Bloodhounds_(TV_series),Q109767798,121,2026-09-30
Australia,AU,en.wikipedia,82034667,"Four_Hands,_Two_Sonatas",Q137271520,102,2026-09-30
India,IN,en.wikipedia,82003107,Agent_Kim_Reactivated,Q139553270,168,2026-09-30
Canada,CA,en.wikipedia,82034667,"Four_Hands,_Two_Sonatas",Q137271520,135,2026-09-30
